{"abandoned": 246, "merged": 737, "pending": 259, "review_time_days_avg": 24.23733434343435, "review_time_days_median": 4.07995, "submitted": 1242}