{"abandoned": 161, "merged": 1625, "pending": 46, "review_time_days_avg": 13.50829262759924, "review_time_days_median": 7.203250000000001, "submitted": 1832}