{"abandoned": 314, "merged": 871, "pending": 311, "review_time_days_avg": 22.403892857142868, "review_time_days_median": 3.98975, "submitted": 1496}