{"abandoned": 147, "merged": 1567, "pending": 42, "review_time_days_avg": 13.368042330097083, "review_time_days_median": 7.3210999999999995, "submitted": 1756}