{"abandoned": 563, "merged": 5016, "pending": 442, "review_time_days_avg": 9.971426590330788, "review_time_days_median": 2.51205, "submitted": 6021}