{"abandoned": 149, "merged": 1574, "pending": 43, "review_time_days_avg": 13.340093230174078, "review_time_days_median": 7.26285, "submitted": 1766}