{"abandoned": 259, "merged": 762, "pending": 281, "review_time_days_avg": 23.857343831168834, "review_time_days_median": 4.10655, "submitted": 1302}