{"abandoned": 249, "merged": 756, "pending": 253, "review_time_days_avg": 23.991001633986933, "review_time_days_median": 4.10655, "submitted": 1258}