{"abandoned": 9, "merged": 181, "pending": 0, "review_time_days_avg": 3.2438749999999996, "review_time_days_median": 3.5940499999999997, "submitted": 190}