{"abandoned": 320, "merged": 894, "pending": 296, "review_time_days_avg": 22.194727853260883, "review_time_days_median": 3.98975, "submitted": 1510}