{"abandoned": 248, "merged": 754, "pending": 254, "review_time_days_avg": 24.045538524590167, "review_time_days_median": 4.10655, "submitted": 1256}