{"abandoned": 698, "merged": 5733, "pending": 494, "review_time_days_avg": 9.933733973288833, "review_time_days_median": 2.6254999999999997, "submitted": 6925}