{"abandoned": 10, "merged": 247, "pending": 2, "review_time_days_avg": 5.038778571428571, "review_time_days_median": 1.1069499999999999, "submitted": 259}