{"abandoned": 161, "merged": 1619, "pending": 39, "review_time_days_avg": 13.52137964015151, "review_time_days_median": 7.203250000000001, "submitted": 1819}