{"abandoned": 630, "merged": 5406, "pending": 548, "review_time_days_avg": 9.82638732352942, "review_time_days_median": 2.56395, "submitted": 6584}