{"abandoned": 267, "merged": 815, "pending": 325, "review_time_days_avg": 22.900764006024097, "review_time_days_median": 4.07245, "submitted": 1407}