{"abandoned": 650, "merged": 5521, "pending": 538, "review_time_days_avg": 9.861399108683168, "review_time_days_median": 2.6029999999999998, "submitted": 6709}