{"abandoned": 147, "merged": 1564, "pending": 39, "review_time_days_avg": 13.368042330097083, "review_time_days_median": 7.3210999999999995, "submitted": 1750}