{"abandoned": 153, "merged": 1588, "pending": 42, "review_time_days_avg": 13.324197307692305, "review_time_days_median": 7.203250000000001, "submitted": 1783}