{"abandoned": 268, "merged": 806, "pending": 313, "review_time_days_avg": 23.12299036697248, "review_time_days_median": 4.07245, "submitted": 1387}