{"abandoned": 154, "merged": 1598, "pending": 53, "review_time_days_avg": 13.35398374760994, "review_time_days_median": 7.203250000000001, "submitted": 1805}