{"abandoned": 387, "merged": 925, "pending": 251, "review_time_days_avg": 22.20145471204189, "review_time_days_median": 3.93835, "submitted": 1563}