{"abandoned": 267, "merged": 825, "pending": 326, "review_time_days_avg": 22.64081127596439, "review_time_days_median": 3.93835, "submitted": 1418}