{"abandoned": 35, "merged": 289, "pending": 4, "review_time_days_avg": 3.54283611111111, "review_time_days_median": 1.6910500000000002, "submitted": 328}