{"abandoned": 30, "merged": 68, "pending": 1, "review_time_days_avg": 25.649152631578954, "review_time_days_median": 14.669599999999999, "submitted": 99}