{"abandoned": 259, "merged": 775, "pending": 281, "review_time_days_avg": 23.69978881789137, "review_time_days_median": 3.98975, "submitted": 1315}