{"abandoned": 230, "merged": 671, "pending": 247, "review_time_days_avg": 25.455638518518523, "review_time_days_median": 4.1697500000000005, "submitted": 1148}