{"abandoned": 0, "merged": 14, "pending": 1, "review_time_days_avg": 7.284000000000001, "review_time_days_median": 7.532100000000001, "submitted": 15}