{"abandoned": 149, "merged": 1570, "pending": 46, "review_time_days_avg": 13.3576351744186, "review_time_days_median": 7.3210999999999995, "submitted": 1765}