{"abandoned": 9, "merged": 238, "pending": 3, "review_time_days_avg": 4.505516666666666, "review_time_days_median": 1.1069499999999999, "submitted": 250}