{"abandoned": 751, "merged": 5972, "pending": 493, "review_time_days_avg": 10.311990395933666, "review_time_days_median": 2.64015, "submitted": 7216}