{"abandoned": 22, "merged": 397, "pending": 2, "review_time_days_avg": 27.030356521739133, "review_time_days_median": 5.8298000000000005, "submitted": 421}