{"abandoned": 153, "merged": 1585, "pending": 39, "review_time_days_avg": 13.324197307692305, "review_time_days_median": 7.203250000000001, "submitted": 1777}