{"abandoned": 161, "merged": 1607, "pending": 45, "review_time_days_avg": 13.343776812977096, "review_time_days_median": 7.203250000000001, "submitted": 1813}