{"abandoned": 416, "merged": 935, "pending": 227, "review_time_days_avg": 22.19321994818654, "review_time_days_median": 3.98975, "submitted": 1578}