{"abandoned": 73, "merged": 65, "review_time_days_avg": 60.235417741935485, "review_time_days_median": 7.49735, "submitted": 149}