{"ASSIGNED":{"old_value":["0","ASSIGNED","ASSIGNED","ASSIGNED","ASSIGNED","ASSIGNED","ASSIGNED","0","ASSIGNED"],"new_value":["ASSIGNED","CLOSED","MODIFIED","NEW","ON_DEV","ON_QA","POST","RELEASE_PENDING","VERIFIED"],"issue":[0,195,321,71,20,46,499,0,5],"f":[0,0.168539325842697,0.277441659464131,0.0613656006914434,0.017286084701815,0.0397579948141746,0.431287813310285,0,0.00432152117545376]},"CLOSED":{"old_value":["CLOSED","0","CLOSED","CLOSED","0","CLOSED","CLOSED","0","0"],"new_value":["ASSIGNED","CLOSED","MODIFIED","NEW","ON_DEV","ON_QA","POST","RELEASE_PENDING","VERIFIED"],"issue":[110,0,5,38,0,8,2,0,0],"f":[0.674846625766871,0,0.0306748466257669,0.233128834355828,0,0.049079754601227,0.0122699386503067,0,0]},"MODIFIED":{"old_value":["MODIFIED","MODIFIED","0","MODIFIED","MODIFIED","MODIFIED","MODIFIED","0","MODIFIED"],"new_value":["ASSIGNED","CLOSED","MODIFIED","NEW","ON_DEV","ON_QA","POST","RELEASE_PENDING","VERIFIED"],"issue":[25,373,0,5,1,1316,259,0,38],"f":[0.0123946455131383,0.184928111056024,0,0.00247892910262766,0.000495785820525533,0.652454139811601,0.128408527516113,0,0.0188398611799703]},"NEW":{"old_value":["NEW","NEW","NEW","0","NEW","NEW","NEW","NEW","NEW"],"new_value":["ASSIGNED","CLOSED","MODIFIED","NEW","ON_DEV","ON_QA","POST","RELEASE_PENDING","VERIFIED"],"issue":[935,1356,297,0,9,74,972,1,5],"f":[0.256234584817758,0.371608659906824,0.0813921622362291,0,0.00246642915867361,0.020279528637983,0.26637434913675,0.000274047684297068,0.00137023842148534]},"ON_DEV":{"old_value":["ON_DEV","ON_DEV","ON_DEV","0","0","ON_DEV","ON_DEV","0","0"],"new_value":["ASSIGNED","CLOSED","MODIFIED","NEW","ON_DEV","ON_QA","POST","RELEASE_PENDING","VERIFIED"],"issue":[3,2,18,0,0,11,9,0,0],"f":[0.0697674418604651,0.0465116279069767,0.418604651162791,0,0,0.255813953488372,0.209302325581395,0,0]},"ON_QA":{"old_value":["ON_QA","ON_QA","ON_QA","ON_QA","ON_QA","0","ON_QA","0","ON_QA"],"new_value":["ASSIGNED","CLOSED","MODIFIED","NEW","ON_DEV","ON_QA","POST","RELEASE_PENDING","VERIFIED"],"issue":[54,745,82,6,1,0,12,0,393],"f":[0.0417633410672854,0.576179427687548,0.0634184068058778,0.00464037122969838,0.000773395204949729,0,0.00928074245939675,0,0.303944315545244]},"POST":{"old_value":["POST","POST","POST","POST","POST","POST","0","0","POST"],"new_value":["ASSIGNED","CLOSED","MODIFIED","NEW","ON_DEV","ON_QA","POST","RELEASE_PENDING","VERIFIED"],"issue":[34,157,1302,21,12,61,0,0,11],"f":[0.0212765957446809,0.0982478097622028,0.81476846057572,0.0131414267834793,0.00750938673341677,0.0381727158948686,0,0,0.00688360450563204]},"RELEASE_PENDING":{"old_value":["0","0","RELEASE_PENDING","0","0","0","0","0","0"],"new_value":["ASSIGNED","CLOSED","MODIFIED","NEW","ON_DEV","ON_QA","POST","RELEASE_PENDING","VERIFIED"],"issue":[0,0,1,0,0,0,0,0,0],"f":[0,0,1,0,0,0,0,0,0]},"VERIFIED":{"old_value":["VERIFIED","VERIFIED","VERIFIED","VERIFIED","0","VERIFIED","VERIFIED","0","0"],"new_value":["ASSIGNED","CLOSED","MODIFIED","NEW","ON_DEV","ON_QA","POST","RELEASE_PENDING","VERIFIED"],"issue":[4,375,1,1,0,9,1,0,0],"f":[0.010230179028133,0.959079283887468,0.00255754475703325,0.00255754475703325,0,0.0230179028132992,0.00255754475703325,0,0]}}