{"ASSIGNED":{"old_value":["0","ASSIGNED","ASSIGNED","ASSIGNED","ASSIGNED","ASSIGNED","ASSIGNED","0","ASSIGNED"],"new_value":["ASSIGNED","CLOSED","MODIFIED","NEW","ON_DEV","ON_QA","POST","RELEASE_PENDING","VERIFIED"],"issue":[0,181,297,69,20,36,436,0,5],"f":[0,0.173371647509579,0.28448275862069,0.0660919540229885,0.0191570881226054,0.0344827586206897,0.417624521072797,0,0.00478927203065134]},"CLOSED":{"old_value":["CLOSED","0","CLOSED","CLOSED","0","CLOSED","0","0","0"],"new_value":["ASSIGNED","CLOSED","MODIFIED","NEW","ON_DEV","ON_QA","POST","RELEASE_PENDING","VERIFIED"],"issue":[102,0,2,23,0,7,0,0,0],"f":[0.761194029850746,0,0.0149253731343284,0.171641791044776,0,0.0522388059701493,0,0,0]},"MODIFIED":{"old_value":["MODIFIED","MODIFIED","0","MODIFIED","MODIFIED","MODIFIED","MODIFIED","0","MODIFIED"],"new_value":["ASSIGNED","CLOSED","MODIFIED","NEW","ON_DEV","ON_QA","POST","RELEASE_PENDING","VERIFIED"],"issue":[18,348,0,3,1,1034,214,0,36],"f":[0.0108827085852479,0.210399032648126,0,0.00181378476420798,0.00060459492140266,0.625151148730351,0.129383313180169,0,0.0217654171704958]},"NEW":{"old_value":["NEW","NEW","NEW","0","NEW","NEW","NEW","NEW","NEW"],"new_value":["ASSIGNED","CLOSED","MODIFIED","NEW","ON_DEV","ON_QA","POST","RELEASE_PENDING","VERIFIED"],"issue":[861,1180,231,0,9,57,766,1,5],"f":[0.276848874598071,0.379421221864952,0.0742765273311897,0,0.00289389067524116,0.0183279742765273,0.246302250803859,0.000321543408360129,0.00160771704180064]},"ON_DEV":{"old_value":["ON_DEV","ON_DEV","ON_DEV","0","0","ON_DEV","ON_DEV","0","0"],"new_value":["ASSIGNED","CLOSED","MODIFIED","NEW","ON_DEV","ON_QA","POST","RELEASE_PENDING","VERIFIED"],"issue":[3,2,18,0,0,11,9,0,0],"f":[0.0697674418604651,0.0465116279069767,0.418604651162791,0,0,0.255813953488372,0.209302325581395,0,0]},"ON_QA":{"old_value":["ON_QA","ON_QA","ON_QA","ON_QA","ON_QA","0","ON_QA","0","ON_QA"],"new_value":["ASSIGNED","CLOSED","MODIFIED","NEW","ON_DEV","ON_QA","POST","RELEASE_PENDING","VERIFIED"],"issue":[46,731,77,4,1,0,9,0,329],"f":[0.0384294068504595,0.610693400167084,0.064327485380117,0.00334168755221387,0.000835421888053467,0,0.0075187969924812,0,0.274853801169591]},"POST":{"old_value":["POST","POST","POST","POST","POST","POST","0","0","POST"],"new_value":["ASSIGNED","CLOSED","MODIFIED","NEW","ON_DEV","ON_QA","POST","RELEASE_PENDING","VERIFIED"],"issue":[24,151,1025,17,12,47,0,0,11],"f":[0.0186480186480186,0.117327117327117,0.796425796425796,0.0132090132090132,0.00932400932400932,0.0365190365190365,0,0,0.00854700854700855]},"RELEASE_PENDING":{"old_value":["0","0","RELEASE_PENDING","0","0","0","0","0","0"],"new_value":["ASSIGNED","CLOSED","MODIFIED","NEW","ON_DEV","ON_QA","POST","RELEASE_PENDING","VERIFIED"],"issue":[0,0,1,0,0,0,0,0,0],"f":[0,0,1,0,0,0,0,0,0]},"VERIFIED":{"old_value":["VERIFIED","VERIFIED","VERIFIED","VERIFIED","0","VERIFIED","VERIFIED","0","0"],"new_value":["ASSIGNED","CLOSED","MODIFIED","NEW","ON_DEV","ON_QA","POST","RELEASE_PENDING","VERIFIED"],"issue":[4,370,1,1,0,7,1,0,0],"f":[0.0104166666666667,0.963541666666667,0.00260416666666667,0.00260416666666667,0,0.0182291666666667,0.00260416666666667,0,0]}}