{"ASSIGNED":{"old_value":["0","ASSIGNED","ASSIGNED","ASSIGNED","ASSIGNED","ASSIGNED","ASSIGNED","0","ASSIGNED"],"new_value":["ASSIGNED","CLOSED","MODIFIED","NEW","ON_DEV","ON_QA","POST","RELEASE_PENDING","VERIFIED"],"issue":[0,162,284,65,20,28,371,0,4],"f":[0,0.173447537473233,0.30406852248394,0.069593147751606,0.0214132762312634,0.0299785867237687,0.397216274089936,0,0.00428265524625268]},"CLOSED":{"old_value":["CLOSED","0","CLOSED","CLOSED","0","CLOSED","0","0","0"],"new_value":["ASSIGNED","CLOSED","MODIFIED","NEW","ON_DEV","ON_QA","POST","RELEASE_PENDING","VERIFIED"],"issue":[97,0,2,19,0,4,0,0,0],"f":[0.795081967213115,0,0.0163934426229508,0.155737704918033,0,0.0327868852459016,0,0,0]},"MODIFIED":{"old_value":["MODIFIED","MODIFIED","0","MODIFIED","MODIFIED","MODIFIED","MODIFIED","0","MODIFIED"],"new_value":["ASSIGNED","CLOSED","MODIFIED","NEW","ON_DEV","ON_QA","POST","RELEASE_PENDING","VERIFIED"],"issue":[14,199,0,2,1,950,150,0,34],"f":[0.0103703703703704,0.147407407407407,0,0.00148148148148148,0.000740740740740741,0.703703703703704,0.111111111111111,0,0.0251851851851852]},"NEW":{"old_value":["NEW","NEW","NEW","0","NEW","NEW","NEW","NEW","NEW"],"new_value":["ASSIGNED","CLOSED","MODIFIED","NEW","ON_DEV","ON_QA","POST","RELEASE_PENDING","VERIFIED"],"issue":[795,1079,210,0,9,52,632,1,4],"f":[0.285765636232926,0.38785046728972,0.0754852624011502,0,0.00323508267433501,0.0186915887850467,0.227174694464414,0.000359453630481668,0.00143781452192667]},"ON_DEV":{"old_value":["ON_DEV","ON_DEV","ON_DEV","0","0","ON_DEV","ON_DEV","0","0"],"new_value":["ASSIGNED","CLOSED","MODIFIED","NEW","ON_DEV","ON_QA","POST","RELEASE_PENDING","VERIFIED"],"issue":[3,2,18,0,0,11,9,0,0],"f":[0.0697674418604651,0.0465116279069767,0.418604651162791,0,0,0.255813953488372,0.209302325581395,0,0]},"ON_QA":{"old_value":["ON_QA","ON_QA","ON_QA","ON_QA","ON_QA","0","ON_QA","0","ON_QA"],"new_value":["ASSIGNED","CLOSED","MODIFIED","NEW","ON_DEV","ON_QA","POST","RELEASE_PENDING","VERIFIED"],"issue":[35,655,40,3,1,0,7,0,235],"f":[0.0358606557377049,0.671106557377049,0.040983606557377,0.00307377049180328,0.00102459016393443,0,0.00717213114754098,0,0.24077868852459]},"POST":{"old_value":["POST","POST","POST","POST","POST","POST","0","0","POST"],"new_value":["ASSIGNED","CLOSED","MODIFIED","NEW","ON_DEV","ON_QA","POST","RELEASE_PENDING","VERIFIED"],"issue":[17,104,795,12,12,42,0,0,11],"f":[0.0171198388721047,0.104733131923464,0.800604229607251,0.0120845921450151,0.0120845921450151,0.0422960725075529,0,0,0.0110775427995972]},"RELEASE_PENDING":{"old_value":["0","0","RELEASE_PENDING","0","0","0","0","0","0"],"new_value":["ASSIGNED","CLOSED","MODIFIED","NEW","ON_DEV","ON_QA","POST","RELEASE_PENDING","VERIFIED"],"issue":[0,0,1,0,0,0,0,0,0],"f":[0,0,1,0,0,0,0,0,0]},"VERIFIED":{"old_value":["VERIFIED","VERIFIED","VERIFIED","VERIFIED","0","VERIFIED","VERIFIED","0","0"],"new_value":["ASSIGNED","CLOSED","MODIFIED","NEW","ON_DEV","ON_QA","POST","RELEASE_PENDING","VERIFIED"],"issue":[3,93,1,1,0,3,1,0,0],"f":[0.0294117647058824,0.911764705882353,0.00980392156862745,0.00980392156862745,0,0.0294117647058824,0.00980392156862745,0,0]}}