{"ASSIGNED":{"old_value":["0","ASSIGNED","ASSIGNED","ASSIGNED","ASSIGNED","ASSIGNED","ASSIGNED","0","ASSIGNED"],"new_value":["ASSIGNED","CLOSED","MODIFIED","NEW","ON_DEV","ON_QA","POST","RELEASE_PENDING","VERIFIED"],"issue":[0,207,329,77,20,53,548,0,5],"f":[0,0.167070217917676,0.265536723163842,0.0621468926553672,0.0161420500403551,0.0427764326069411,0.44229217110573,0,0.00403551251008878]},"CLOSED":{"old_value":["CLOSED","0","CLOSED","CLOSED","0","CLOSED","CLOSED","0","0"],"new_value":["ASSIGNED","CLOSED","MODIFIED","NEW","ON_DEV","ON_QA","POST","RELEASE_PENDING","VERIFIED"],"issue":[115,0,5,43,0,9,2,0,0],"f":[0.660919540229885,0,0.028735632183908,0.247126436781609,0,0.0517241379310345,0.0114942528735632,0,0]},"MODIFIED":{"old_value":["MODIFIED","MODIFIED","0","MODIFIED","MODIFIED","MODIFIED","MODIFIED","0","MODIFIED"],"new_value":["ASSIGNED","CLOSED","MODIFIED","NEW","ON_DEV","ON_QA","POST","RELEASE_PENDING","VERIFIED"],"issue":[26,375,0,5,1,1449,270,0,40],"f":[0.0120036934441367,0.173130193905817,0,0.0023084025854109,0.000461680517082179,0.668975069252078,0.124653739612188,0,0.0184672206832872]},"NEW":{"old_value":["NEW","NEW","NEW","0","NEW","NEW","NEW","NEW","NEW"],"new_value":["ASSIGNED","CLOSED","MODIFIED","NEW","ON_DEV","ON_QA","POST","RELEASE_PENDING","VERIFIED"],"issue":[990,1486,328,0,9,85,1123,1,6],"f":[0.245779543197617,0.368917576961271,0.0814299900695134,0,0.0022343594836147,0.0211022840119166,0.278798411122145,0.000248262164846077,0.00148957298907646]},"ON_DEV":{"old_value":["ON_DEV","ON_DEV","ON_DEV","0","0","ON_DEV","ON_DEV","0","0"],"new_value":["ASSIGNED","CLOSED","MODIFIED","NEW","ON_DEV","ON_QA","POST","RELEASE_PENDING","VERIFIED"],"issue":[3,2,18,0,0,11,9,0,0],"f":[0.0697674418604651,0.0465116279069767,0.418604651162791,0,0,0.255813953488372,0.209302325581395,0,0]},"ON_QA":{"old_value":["ON_QA","ON_QA","ON_QA","ON_QA","ON_QA","0","ON_QA","0","ON_QA"],"new_value":["ASSIGNED","CLOSED","MODIFIED","NEW","ON_DEV","ON_QA","POST","RELEASE_PENDING","VERIFIED"],"issue":[73,758,82,9,1,0,16,0,565],"f":[0.0485372340425532,0.503989361702128,0.0545212765957447,0.00598404255319149,0.000664893617021277,0,0.0106382978723404,0,0.375664893617021]},"POST":{"old_value":["POST","POST","POST","POST","POST","POST","0","0","POST"],"new_value":["ASSIGNED","CLOSED","MODIFIED","NEW","ON_DEV","ON_QA","POST","RELEASE_PENDING","VERIFIED"],"issue":[36,158,1457,24,12,64,0,0,11],"f":[0.0204313280363224,0.0896708286038592,0.826901248581158,0.0136208853575482,0.00681044267877412,0.036322360953462,0,0,0.00624290578887628]},"RELEASE_PENDING":{"old_value":["0","0","RELEASE_PENDING","0","0","0","0","0","0"],"new_value":["ASSIGNED","CLOSED","MODIFIED","NEW","ON_DEV","ON_QA","POST","RELEASE_PENDING","VERIFIED"],"issue":[0,0,1,0,0,0,0,0,0],"f":[0,0,1,0,0,0,0,0,0]},"VERIFIED":{"old_value":["VERIFIED","VERIFIED","VERIFIED","VERIFIED","0","VERIFIED","VERIFIED","0","0"],"new_value":["ASSIGNED","CLOSED","MODIFIED","NEW","ON_DEV","ON_QA","POST","RELEASE_PENDING","VERIFIED"],"issue":[5,375,2,1,0,10,1,0,0],"f":[0.0126903553299492,0.951776649746193,0.0050761421319797,0.00253807106598985,0,0.0253807106598985,0.00253807106598985,0,0]}}