{"ASSIGNED":{"old_value":["0","ASSIGNED","ASSIGNED","ASSIGNED","ASSIGNED","ASSIGNED","ASSIGNED","0","ASSIGNED"],"new_value":["ASSIGNED","CLOSED","MODIFIED","NEW","ON_DEV","ON_QA","POST","RELEASE_PENDING","VERIFIED"],"issue":[0,213,330,79,20,54,570,0,6],"f":[0,0.167452830188679,0.259433962264151,0.0621069182389937,0.0157232704402516,0.0424528301886792,0.44811320754717,0,0.00471698113207547]},"CLOSED":{"old_value":["CLOSED","0","CLOSED","CLOSED","0","CLOSED","CLOSED","0","0"],"new_value":["ASSIGNED","CLOSED","MODIFIED","NEW","ON_DEV","ON_QA","POST","RELEASE_PENDING","VERIFIED"],"issue":[119,0,5,43,0,9,2,0,0],"f":[0.668539325842697,0,0.0280898876404494,0.241573033707865,0,0.050561797752809,0.0112359550561798,0,0]},"MODIFIED":{"old_value":["MODIFIED","MODIFIED","0","MODIFIED","MODIFIED","MODIFIED","MODIFIED","0","MODIFIED"],"new_value":["ASSIGNED","CLOSED","MODIFIED","NEW","ON_DEV","ON_QA","POST","RELEASE_PENDING","VERIFIED"],"issue":[26,375,0,5,1,1487,287,0,41],"f":[0.0117011701170117,0.168766876687669,0,0.00225022502250225,0.00045004500450045,0.669216921692169,0.129162916291629,0,0.0184518451845185]},"NEW":{"old_value":["NEW","NEW","NEW","0","NEW","NEW","NEW","NEW","NEW"],"new_value":["ASSIGNED","CLOSED","MODIFIED","NEW","ON_DEV","ON_QA","POST","RELEASE_PENDING","VERIFIED"],"issue":[1008,1533,340,0,9,88,1196,1,6],"f":[0.241090648170294,0.366658694092322,0.0813202583114088,0,0.00215259507294906,0.0210475962688352,0.286055967471897,0.000239177230327673,0.00143506338196604]},"ON_DEV":{"old_value":["ON_DEV","ON_DEV","ON_DEV","0","0","ON_DEV","ON_DEV","0","0"],"new_value":["ASSIGNED","CLOSED","MODIFIED","NEW","ON_DEV","ON_QA","POST","RELEASE_PENDING","VERIFIED"],"issue":[3,2,18,0,0,11,9,0,0],"f":[0.0697674418604651,0.0465116279069767,0.418604651162791,0,0,0.255813953488372,0.209302325581395,0,0]},"ON_QA":{"old_value":["ON_QA","ON_QA","ON_QA","ON_QA","ON_QA","0","ON_QA","0","ON_QA"],"new_value":["ASSIGNED","CLOSED","MODIFIED","NEW","ON_DEV","ON_QA","POST","RELEASE_PENDING","VERIFIED"],"issue":[77,762,86,9,1,0,17,0,654],"f":[0.0479452054794521,0.474470734744707,0.0535491905354919,0.00560398505603985,0.00062266500622665,0,0.0105853051058531,0,0.407222914072229]},"POST":{"old_value":["POST","POST","POST","POST","POST","POST","0","0","POST"],"new_value":["ASSIGNED","CLOSED","MODIFIED","NEW","ON_DEV","ON_QA","POST","RELEASE_PENDING","VERIFIED"],"issue":[39,160,1608,26,12,66,0,0,11],"f":[0.0202913631633715,0.0832466181061394,0.836628511966701,0.0135275754422477,0.00624349635796046,0.0343392299687825,0,0,0.00572320499479709]},"RELEASE_PENDING":{"old_value":["0","0","RELEASE_PENDING","0","0","0","0","0","0"],"new_value":["ASSIGNED","CLOSED","MODIFIED","NEW","ON_DEV","ON_QA","POST","RELEASE_PENDING","VERIFIED"],"issue":[0,0,1,0,0,0,0,0,0],"f":[0,0,1,0,0,0,0,0,0]},"VERIFIED":{"old_value":["VERIFIED","VERIFIED","VERIFIED","VERIFIED","0","VERIFIED","VERIFIED","0","0"],"new_value":["ASSIGNED","CLOSED","MODIFIED","NEW","ON_DEV","ON_QA","POST","RELEASE_PENDING","VERIFIED"],"issue":[5,375,2,2,0,11,1,0,0],"f":[0.0126262626262626,0.946969696969697,0.00505050505050505,0.00505050505050505,0,0.0277777777777778,0.00252525252525253,0,0]}}