{"ASSIGNED":{"old_value":["0","ASSIGNED","ASSIGNED","ASSIGNED","ASSIGNED","ASSIGNED","ASSIGNED","0","ASSIGNED"],"new_value":["ASSIGNED","CLOSED","MODIFIED","NEW","ON_DEV","ON_QA","POST","RELEASE_PENDING","VERIFIED"],"issue":[0,144,273,60,20,22,278,0,3],"f":[0,0.18,0.34125,0.075,0.025,0.0275,0.3475,0,0.00375]},"CLOSED":{"old_value":["CLOSED","0","CLOSED","CLOSED","0","CLOSED","0","0","0"],"new_value":["ASSIGNED","CLOSED","MODIFIED","NEW","ON_DEV","ON_QA","POST","RELEASE_PENDING","VERIFIED"],"issue":[93,0,2,7,0,2,0,0,0],"f":[0.894230769230769,0,0.0192307692307692,0.0673076923076923,0,0.0192307692307692,0,0,0]},"MODIFIED":{"old_value":["MODIFIED","MODIFIED","0","MODIFIED","MODIFIED","MODIFIED","MODIFIED","0","MODIFIED"],"new_value":["ASSIGNED","CLOSED","MODIFIED","NEW","ON_DEV","ON_QA","POST","RELEASE_PENDING","VERIFIED"],"issue":[13,198,0,2,1,701,61,0,31],"f":[0.012909632571996,0.196623634558093,0,0.00198609731876862,0.00099304865938431,0.696127110228401,0.0605759682224429,0,0.0307845084409136]},"NEW":{"old_value":["NEW","NEW","NEW","0","NEW","NEW","NEW","NEW","NEW"],"new_value":["ASSIGNED","CLOSED","MODIFIED","NEW","ON_DEV","ON_QA","POST","RELEASE_PENDING","VERIFIED"],"issue":[685,945,176,0,9,35,445,1,4],"f":[0.297826086956522,0.410869565217391,0.0765217391304348,0,0.00391304347826087,0.0152173913043478,0.193478260869565,0.000434782608695652,0.00173913043478261]},"ON_DEV":{"old_value":["ON_DEV","ON_DEV","ON_DEV","0","0","ON_DEV","ON_DEV","0","0"],"new_value":["ASSIGNED","CLOSED","MODIFIED","NEW","ON_DEV","ON_QA","POST","RELEASE_PENDING","VERIFIED"],"issue":[3,2,18,0,0,11,9,0,0],"f":[0.0697674418604651,0.0465116279069767,0.418604651162791,0,0,0.255813953488372,0.209302325581395,0,0]},"ON_QA":{"old_value":["ON_QA","ON_QA","ON_QA","0","ON_QA","0","ON_QA","0","ON_QA"],"new_value":["ASSIGNED","CLOSED","MODIFIED","NEW","ON_DEV","ON_QA","POST","RELEASE_PENDING","VERIFIED"],"issue":[11,635,32,0,1,0,3,0,55],"f":[0.0149253731343284,0.861601085481682,0.0434192672998643,0,0.00135685210312076,0,0.00407055630936228,0,0.0746268656716418]},"POST":{"old_value":["POST","POST","POST","POST","POST","POST","0","0","POST"],"new_value":["ASSIGNED","CLOSED","MODIFIED","NEW","ON_DEV","ON_QA","POST","RELEASE_PENDING","VERIFIED"],"issue":[13,100,530,7,12,39,0,0,11],"f":[0.0182584269662921,0.140449438202247,0.74438202247191,0.0098314606741573,0.0168539325842697,0.0547752808988764,0,0,0.0154494382022472]},"RELEASE_PENDING":{"old_value":["0","0","RELEASE_PENDING","0","0","0","0","0","0"],"new_value":["ASSIGNED","CLOSED","MODIFIED","NEW","ON_DEV","ON_QA","POST","RELEASE_PENDING","VERIFIED"],"issue":[0,0,1,0,0,0,0,0,0],"f":[0,0,1,0,0,0,0,0,0]},"VERIFIED":{"old_value":["0","VERIFIED","VERIFIED","VERIFIED","0","VERIFIED","VERIFIED","0","0"],"new_value":["ASSIGNED","CLOSED","MODIFIED","NEW","ON_DEV","ON_QA","POST","RELEASE_PENDING","VERIFIED"],"issue":[0,93,1,1,0,1,1,0,0],"f":[0,0.958762886597938,0.0103092783505155,0.0103092783505155,0,0.0103092783505155,0.0103092783505155,0,0]}}