{"ASSIGNED":{"old_value":["0","ASSIGNED","ASSIGNED","ASSIGNED","ASSIGNED","ASSIGNED","ASSIGNED","0","ASSIGNED"],"new_value":["ASSIGNED","CLOSED","MODIFIED","NEW","ON_DEV","ON_QA","POST","RELEASE_PENDING","VERIFIED"],"issue":[0,148,281,60,20,23,303,0,4],"f":[0,0.176400476758045,0.33492252681764,0.0715137067938021,0.0238379022646007,0.0274135876042908,0.361144219308701,0,0.00476758045292014]},"CLOSED":{"old_value":["CLOSED","0","CLOSED","CLOSED","0","CLOSED","0","0","0"],"new_value":["ASSIGNED","CLOSED","MODIFIED","NEW","ON_DEV","ON_QA","POST","RELEASE_PENDING","VERIFIED"],"issue":[93,0,2,12,0,2,0,0,0],"f":[0.853211009174312,0,0.018348623853211,0.110091743119266,0,0.018348623853211,0,0,0]},"MODIFIED":{"old_value":["MODIFIED","MODIFIED","0","MODIFIED","MODIFIED","MODIFIED","MODIFIED","0","MODIFIED"],"new_value":["ASSIGNED","CLOSED","MODIFIED","NEW","ON_DEV","ON_QA","POST","RELEASE_PENDING","VERIFIED"],"issue":[13,198,0,2,1,825,89,0,33],"f":[0.0111972437553833,0.170542635658915,0,0.00172265288544358,0.000861326442721792,0.710594315245478,0.0766580534022395,0,0.0284237726098191]},"NEW":{"old_value":["NEW","NEW","NEW","0","NEW","NEW","NEW","NEW","NEW"],"new_value":["ASSIGNED","CLOSED","MODIFIED","NEW","ON_DEV","ON_QA","POST","RELEASE_PENDING","VERIFIED"],"issue":[724,994,196,0,9,43,532,1,4],"f":[0.289252896524171,0.397123451857771,0.0783060327606872,0,0.00359568517778666,0.017179384738314,0.212544946064722,0.000399520575309628,0.00159808230123851]},"ON_DEV":{"old_value":["ON_DEV","ON_DEV","ON_DEV","0","0","ON_DEV","ON_DEV","0","0"],"new_value":["ASSIGNED","CLOSED","MODIFIED","NEW","ON_DEV","ON_QA","POST","RELEASE_PENDING","VERIFIED"],"issue":[3,2,18,0,0,11,9,0,0],"f":[0.0697674418604651,0.0465116279069767,0.418604651162791,0,0,0.255813953488372,0.209302325581395,0,0]},"ON_QA":{"old_value":["ON_QA","ON_QA","ON_QA","0","ON_QA","0","ON_QA","0","ON_QA"],"new_value":["ASSIGNED","CLOSED","MODIFIED","NEW","ON_DEV","ON_QA","POST","RELEASE_PENDING","VERIFIED"],"issue":[16,637,35,0,1,0,5,0,73],"f":[0.0208604954367666,0.830508474576271,0.045632333767927,0,0.00130378096479791,0,0.00651890482398957,0,0.0951760104302477]},"POST":{"old_value":["POST","POST","POST","POST","POST","POST","0","0","POST"],"new_value":["ASSIGNED","CLOSED","MODIFIED","NEW","ON_DEV","ON_QA","POST","RELEASE_PENDING","VERIFIED"],"issue":[13,101,636,9,12,39,0,0,11],"f":[0.0158343483556638,0.123020706455542,0.774665042630938,0.0109622411693057,0.0146163215590743,0.0475030450669915,0,0,0.0133982947624848]},"RELEASE_PENDING":{"old_value":["0","0","RELEASE_PENDING","0","0","0","0","0","0"],"new_value":["ASSIGNED","CLOSED","MODIFIED","NEW","ON_DEV","ON_QA","POST","RELEASE_PENDING","VERIFIED"],"issue":[0,0,1,0,0,0,0,0,0],"f":[0,0,1,0,0,0,0,0,0]},"VERIFIED":{"old_value":["0","VERIFIED","VERIFIED","VERIFIED","0","VERIFIED","VERIFIED","0","0"],"new_value":["ASSIGNED","CLOSED","MODIFIED","NEW","ON_DEV","ON_QA","POST","RELEASE_PENDING","VERIFIED"],"issue":[0,93,1,1,0,1,1,0,0],"f":[0,0.958762886597938,0.0103092783505155,0.0103092783505155,0,0.0103092783505155,0.0103092783505155,0,0]}}