{"ASSIGNED":{"old_value":["0","ASSIGNED","ASSIGNED","ASSIGNED","ASSIGNED","ASSIGNED","ASSIGNED","0","ASSIGNED"],"new_value":["ASSIGNED","CLOSED","MODIFIED","NEW","ON_DEV","ON_QA","POST","RELEASE_PENDING","VERIFIED"],"issue":[0,213,330,79,20,54,569,0,6],"f":[0,0.167584579071597,0.25963808025177,0.0621557828481511,0.01573564122738,0.042486231313926,0.447678992918961,0,0.004720692368214]},"CLOSED":{"old_value":["CLOSED","0","CLOSED","CLOSED","0","CLOSED","CLOSED","0","0"],"new_value":["ASSIGNED","CLOSED","MODIFIED","NEW","ON_DEV","ON_QA","POST","RELEASE_PENDING","VERIFIED"],"issue":[118,0,5,43,0,9,2,0,0],"f":[0.666666666666667,0,0.0282485875706215,0.242937853107345,0,0.0508474576271186,0.0112994350282486,0,0]},"MODIFIED":{"old_value":["MODIFIED","MODIFIED","0","MODIFIED","MODIFIED","MODIFIED","MODIFIED","0","MODIFIED"],"new_value":["ASSIGNED","CLOSED","MODIFIED","NEW","ON_DEV","ON_QA","POST","RELEASE_PENDING","VERIFIED"],"issue":[26,375,0,5,1,1478,285,0,41],"f":[0.0117593848937133,0.169606512890095,0,0.00226142017186793,0.000452284034373587,0.668475802804161,0.128900949796472,0,0.018543645409317]},"NEW":{"old_value":["NEW","NEW","NEW","0","NEW","NEW","NEW","NEW","NEW"],"new_value":["ASSIGNED","CLOSED","MODIFIED","NEW","ON_DEV","ON_QA","POST","RELEASE_PENDING","VERIFIED"],"issue":[1006,1528,340,0,9,88,1191,1,6],"f":[0.241304869273207,0.366514751739026,0.0815543295754378,0,0.00215879107699688,0.0211081794195251,0.285680019189254,0.000239865675221876,0.00143919405133125]},"ON_DEV":{"old_value":["ON_DEV","ON_DEV","ON_DEV","0","0","ON_DEV","ON_DEV","0","0"],"new_value":["ASSIGNED","CLOSED","MODIFIED","NEW","ON_DEV","ON_QA","POST","RELEASE_PENDING","VERIFIED"],"issue":[3,2,18,0,0,11,9,0,0],"f":[0.0697674418604651,0.0465116279069767,0.418604651162791,0,0,0.255813953488372,0.209302325581395,0,0]},"ON_QA":{"old_value":["ON_QA","ON_QA","ON_QA","ON_QA","ON_QA","0","ON_QA","0","ON_QA"],"new_value":["ASSIGNED","CLOSED","MODIFIED","NEW","ON_DEV","ON_QA","POST","RELEASE_PENDING","VERIFIED"],"issue":[77,762,86,9,1,0,17,0,644],"f":[0.0482456140350877,0.477443609022556,0.0538847117794486,0.0056390977443609,0.0006265664160401,0,0.0106516290726817,0,0.403508771929825]},"POST":{"old_value":["POST","POST","POST","POST","POST","POST","0","0","POST"],"new_value":["ASSIGNED","CLOSED","MODIFIED","NEW","ON_DEV","ON_QA","POST","RELEASE_PENDING","VERIFIED"],"issue":[38,160,1596,25,12,66,0,0,11],"f":[0.019916142557652,0.0838574423480084,0.836477987421384,0.0131027253668763,0.00628930817610063,0.0345911949685535,0,0,0.00576519916142558]},"RELEASE_PENDING":{"old_value":["0","0","RELEASE_PENDING","0","0","0","0","0","0"],"new_value":["ASSIGNED","CLOSED","MODIFIED","NEW","ON_DEV","ON_QA","POST","RELEASE_PENDING","VERIFIED"],"issue":[0,0,1,0,0,0,0,0,0],"f":[0,0,1,0,0,0,0,0,0]},"VERIFIED":{"old_value":["VERIFIED","VERIFIED","VERIFIED","VERIFIED","0","VERIFIED","VERIFIED","0","0"],"new_value":["ASSIGNED","CLOSED","MODIFIED","NEW","ON_DEV","ON_QA","POST","RELEASE_PENDING","VERIFIED"],"issue":[5,375,2,2,0,11,1,0,0],"f":[0.0126262626262626,0.946969696969697,0.00505050505050505,0.00505050505050505,0,0.0277777777777778,0.00252525252525253,0,0]}}