{"ASSIGNED":{"old_value":["0","ASSIGNED","ASSIGNED","ASSIGNED","ASSIGNED","ASSIGNED","ASSIGNED","0","ASSIGNED"],"new_value":["ASSIGNED","CLOSED","MODIFIED","NEW","ON_DEV","ON_QA","POST","RELEASE_PENDING","VERIFIED"],"issue":[0,192,317,71,20,45,493,0,5],"f":[0,0.167979002624672,0.277340332458443,0.0621172353455818,0.0174978127734033,0.0393700787401575,0.431321084864392,0,0.00437445319335083]},"CLOSED":{"old_value":["CLOSED","0","CLOSED","CLOSED","0","CLOSED","CLOSED","0","0"],"new_value":["ASSIGNED","CLOSED","MODIFIED","NEW","ON_DEV","ON_QA","POST","RELEASE_PENDING","VERIFIED"],"issue":[110,0,5,37,0,7,2,0,0],"f":[0.683229813664596,0,0.031055900621118,0.229813664596273,0,0.0434782608695652,0.0124223602484472,0,0]},"MODIFIED":{"old_value":["MODIFIED","MODIFIED","0","MODIFIED","MODIFIED","MODIFIED","MODIFIED","0","MODIFIED"],"new_value":["ASSIGNED","CLOSED","MODIFIED","NEW","ON_DEV","ON_QA","POST","RELEASE_PENDING","VERIFIED"],"issue":[23,373,0,5,1,1229,250,0,38],"f":[0.0119854090672225,0.194372068785826,0,0.00260552371026576,0.000521104742053153,0.640437727983325,0.130276185513288,0,0.0198019801980198]},"NEW":{"old_value":["NEW","NEW","NEW","0","NEW","NEW","NEW","NEW","NEW"],"new_value":["ASSIGNED","CLOSED","MODIFIED","NEW","ON_DEV","ON_QA","POST","RELEASE_PENDING","VERIFIED"],"issue":[929,1343,294,0,9,73,948,1,5],"f":[0.257912270960577,0.372848417545808,0.0816213214880622,0,0.00249861188228762,0.0202665186007773,0.263187118267629,0.000277623542476402,0.00138811771238201]},"ON_DEV":{"old_value":["ON_DEV","ON_DEV","ON_DEV","0","0","ON_DEV","ON_DEV","0","0"],"new_value":["ASSIGNED","CLOSED","MODIFIED","NEW","ON_DEV","ON_QA","POST","RELEASE_PENDING","VERIFIED"],"issue":[3,2,18,0,0,11,9,0,0],"f":[0.0697674418604651,0.0465116279069767,0.418604651162791,0,0,0.255813953488372,0.209302325581395,0,0]},"ON_QA":{"old_value":["ON_QA","ON_QA","ON_QA","ON_QA","ON_QA","0","ON_QA","0","ON_QA"],"new_value":["ASSIGNED","CLOSED","MODIFIED","NEW","ON_DEV","ON_QA","POST","RELEASE_PENDING","VERIFIED"],"issue":[54,744,81,6,1,0,12,0,379],"f":[0.0422866092404072,0.582615505090055,0.0634299138606108,0.00469851213782302,0.000783085356303837,0,0.00939702427564605,0,0.296789350039154]},"POST":{"old_value":["POST","POST","POST","POST","POST","POST","0","0","POST"],"new_value":["ASSIGNED","CLOSED","MODIFIED","NEW","ON_DEV","ON_QA","POST","RELEASE_PENDING","VERIFIED"],"issue":[33,157,1262,20,12,59,0,0,11],"f":[0.0212355212355212,0.101029601029601,0.812097812097812,0.0128700128700129,0.00772200772200772,0.037966537966538,0,0,0.00707850707850708]},"RELEASE_PENDING":{"old_value":["0","0","RELEASE_PENDING","0","0","0","0","0","0"],"new_value":["ASSIGNED","CLOSED","MODIFIED","NEW","ON_DEV","ON_QA","POST","RELEASE_PENDING","VERIFIED"],"issue":[0,0,1,0,0,0,0,0,0],"f":[0,0,1,0,0,0,0,0,0]},"VERIFIED":{"old_value":["VERIFIED","VERIFIED","VERIFIED","VERIFIED","0","VERIFIED","VERIFIED","0","0"],"new_value":["ASSIGNED","CLOSED","MODIFIED","NEW","ON_DEV","ON_QA","POST","RELEASE_PENDING","VERIFIED"],"issue":[4,375,1,1,0,9,1,0,0],"f":[0.010230179028133,0.959079283887468,0.00255754475703325,0.00255754475703325,0,0.0230179028132992,0.00255754475703325,0,0]}}