{"ASSIGNED":{"old_value":["0","ASSIGNED","ASSIGNED","ASSIGNED","ASSIGNED","ASSIGNED","ASSIGNED","0","ASSIGNED"],"new_value":["ASSIGNED","CLOSED","MODIFIED","NEW","ON_DEV","ON_QA","POST","RELEASE_PENDING","VERIFIED"],"issue":[0,188,311,70,20,42,475,0,5],"f":[0,0.169216921692169,0.27992799279928,0.063006300630063,0.018001800180018,0.0378037803780378,0.427542754275428,0,0.0045004500450045]},"CLOSED":{"old_value":["CLOSED","0","CLOSED","CLOSED","0","CLOSED","CLOSED","0","0"],"new_value":["ASSIGNED","CLOSED","MODIFIED","NEW","ON_DEV","ON_QA","POST","RELEASE_PENDING","VERIFIED"],"issue":[108,0,4,34,0,7,1,0,0],"f":[0.701298701298701,0,0.025974025974026,0.220779220779221,0,0.0454545454545455,0.00649350649350649,0,0]},"MODIFIED":{"old_value":["MODIFIED","MODIFIED","0","MODIFIED","MODIFIED","MODIFIED","MODIFIED","0","MODIFIED"],"new_value":["ASSIGNED","CLOSED","MODIFIED","NEW","ON_DEV","ON_QA","POST","RELEASE_PENDING","VERIFIED"],"issue":[22,362,0,4,1,1170,226,0,37],"f":[0.0120746432491767,0.198682766190999,0,0.0021953896816685,0.000548847420417124,0.642151481888035,0.12403951701427,0,0.0203073545554336]},"NEW":{"old_value":["NEW","NEW","NEW","0","NEW","NEW","NEW","NEW","NEW"],"new_value":["ASSIGNED","CLOSED","MODIFIED","NEW","ON_DEV","ON_QA","POST","RELEASE_PENDING","VERIFIED"],"issue":[909,1307,271,0,9,70,899,1,5],"f":[0.261884183232498,0.376548545087871,0.0780754825698646,0,0.00259291270527226,0.0201670988187842,0.259003169115529,0.000288101411696917,0.00144050705848459]},"ON_DEV":{"old_value":["ON_DEV","ON_DEV","ON_DEV","0","0","ON_DEV","ON_DEV","0","0"],"new_value":["ASSIGNED","CLOSED","MODIFIED","NEW","ON_DEV","ON_QA","POST","RELEASE_PENDING","VERIFIED"],"issue":[3,2,18,0,0,11,9,0,0],"f":[0.0697674418604651,0.0465116279069767,0.418604651162791,0,0,0.255813953488372,0.209302325581395,0,0]},"ON_QA":{"old_value":["ON_QA","ON_QA","ON_QA","ON_QA","ON_QA","0","ON_QA","0","ON_QA"],"new_value":["ASSIGNED","CLOSED","MODIFIED","NEW","ON_DEV","ON_QA","POST","RELEASE_PENDING","VERIFIED"],"issue":[50,742,77,6,1,0,10,0,353],"f":[0.0403551251008878,0.598870056497175,0.0621468926553672,0.00484261501210654,0.000807102502017756,0,0.00807102502017756,0,0.284907183212268]},"POST":{"old_value":["POST","POST","POST","POST","POST","POST","0","0","POST"],"new_value":["ASSIGNED","CLOSED","MODIFIED","NEW","ON_DEV","ON_QA","POST","RELEASE_PENDING","VERIFIED"],"issue":[29,155,1176,20,12,55,0,0,11],"f":[0.0198902606310014,0.106310013717421,0.806584362139918,0.0137174211248285,0.00823045267489712,0.0377229080932785,0,0,0.00754458161865569]},"RELEASE_PENDING":{"old_value":["0","0","RELEASE_PENDING","0","0","0","0","0","0"],"new_value":["ASSIGNED","CLOSED","MODIFIED","NEW","ON_DEV","ON_QA","POST","RELEASE_PENDING","VERIFIED"],"issue":[0,0,1,0,0,0,0,0,0],"f":[0,0,1,0,0,0,0,0,0]},"VERIFIED":{"old_value":["VERIFIED","VERIFIED","VERIFIED","VERIFIED","0","VERIFIED","VERIFIED","0","0"],"new_value":["ASSIGNED","CLOSED","MODIFIED","NEW","ON_DEV","ON_QA","POST","RELEASE_PENDING","VERIFIED"],"issue":[4,372,1,1,0,8,1,0,0],"f":[0.0103359173126615,0.961240310077519,0.00258397932816537,0.00258397932816537,0,0.020671834625323,0.00258397932816537,0,0]}}