{"ASSIGNED":{"old_value":["0","ASSIGNED","ASSIGNED","ASSIGNED","ASSIGNED","ASSIGNED","ASSIGNED","0","ASSIGNED"],"new_value":["ASSIGNED","CLOSED","MODIFIED","NEW","ON_DEV","ON_QA","POST","RELEASE_PENDING","VERIFIED"],"issue":[0,212,330,79,20,53,567,0,6],"f":[0,0.167324388318863,0.260457774269929,0.0623520126282557,0.015785319652723,0.0418310970797159,0.447513812154696,0,0.00473559589581689]},"CLOSED":{"old_value":["CLOSED","0","CLOSED","CLOSED","0","CLOSED","CLOSED","0","0"],"new_value":["ASSIGNED","CLOSED","MODIFIED","NEW","ON_DEV","ON_QA","POST","RELEASE_PENDING","VERIFIED"],"issue":[118,0,5,43,0,9,2,0,0],"f":[0.666666666666667,0,0.0282485875706215,0.242937853107345,0,0.0508474576271186,0.0112994350282486,0,0]},"MODIFIED":{"old_value":["MODIFIED","MODIFIED","0","MODIFIED","MODIFIED","MODIFIED","MODIFIED","0","MODIFIED"],"new_value":["ASSIGNED","CLOSED","MODIFIED","NEW","ON_DEV","ON_QA","POST","RELEASE_PENDING","VERIFIED"],"issue":[26,375,0,5,1,1454,283,0,41],"f":[0.0118993135011442,0.17162471395881,0,0.0022883295194508,0.00045766590389016,0.665446224256293,0.129519450800915,0,0.0187643020594966]},"NEW":{"old_value":["NEW","NEW","NEW","0","NEW","NEW","NEW","NEW","NEW"],"new_value":["ASSIGNED","CLOSED","MODIFIED","NEW","ON_DEV","ON_QA","POST","RELEASE_PENDING","VERIFIED"],"issue":[1005,1518,338,0,9,88,1178,1,6],"f":[0.242577842143374,0.366401158580739,0.0815833936760801,0,0.00217233888486604,0.0212406468742457,0.284335022930244,0.000241370987207338,0.00144822592324403]},"ON_DEV":{"old_value":["ON_DEV","ON_DEV","ON_DEV","0","0","ON_DEV","ON_DEV","0","0"],"new_value":["ASSIGNED","CLOSED","MODIFIED","NEW","ON_DEV","ON_QA","POST","RELEASE_PENDING","VERIFIED"],"issue":[3,2,18,0,0,11,9,0,0],"f":[0.0697674418604651,0.0465116279069767,0.418604651162791,0,0,0.255813953488372,0.209302325581395,0,0]},"ON_QA":{"old_value":["ON_QA","ON_QA","ON_QA","ON_QA","ON_QA","0","ON_QA","0","ON_QA"],"new_value":["ASSIGNED","CLOSED","MODIFIED","NEW","ON_DEV","ON_QA","POST","RELEASE_PENDING","VERIFIED"],"issue":[75,762,83,9,1,0,17,0,619],"f":[0.0478927203065134,0.486590038314176,0.0530012771392082,0.00574712643678161,0.000638569604086846,0,0.0108556832694764,0,0.395274584929757]},"POST":{"old_value":["POST","POST","POST","POST","POST","POST","0","0","POST"],"new_value":["ASSIGNED","CLOSED","MODIFIED","NEW","ON_DEV","ON_QA","POST","RELEASE_PENDING","VERIFIED"],"issue":[37,160,1587,25,12,65,0,0,11],"f":[0.0195044807590933,0.0843437005798629,0.836584080126516,0.0131787032156036,0.00632577754348972,0.0342646283605693,0,0,0.00579862941486558]},"RELEASE_PENDING":{"old_value":["0","0","RELEASE_PENDING","0","0","0","0","0","0"],"new_value":["ASSIGNED","CLOSED","MODIFIED","NEW","ON_DEV","ON_QA","POST","RELEASE_PENDING","VERIFIED"],"issue":[0,0,1,0,0,0,0,0,0],"f":[0,0,1,0,0,0,0,0,0]},"VERIFIED":{"old_value":["VERIFIED","VERIFIED","VERIFIED","VERIFIED","0","VERIFIED","VERIFIED","0","0"],"new_value":["ASSIGNED","CLOSED","MODIFIED","NEW","ON_DEV","ON_QA","POST","RELEASE_PENDING","VERIFIED"],"issue":[5,375,2,1,0,11,1,0,0],"f":[0.0126582278481013,0.949367088607595,0.00506329113924051,0.00253164556962025,0,0.0278481012658228,0.00253164556962025,0,0]}}