{"ASSIGNED":{"old_value":["0","ASSIGNED","ASSIGNED","ASSIGNED","ASSIGNED","ASSIGNED","ASSIGNED","0","ASSIGNED"],"new_value":["ASSIGNED","CLOSED","MODIFIED","NEW","ON_DEV","ON_QA","POST","RELEASE_PENDING","VERIFIED"],"issue":[0,205,328,74,20,53,535,0,5],"f":[0,0.168032786885246,0.268852459016393,0.060655737704918,0.0163934426229508,0.0434426229508197,0.438524590163934,0,0.00409836065573771]},"CLOSED":{"old_value":["CLOSED","0","CLOSED","CLOSED","0","CLOSED","CLOSED","0","0"],"new_value":["ASSIGNED","CLOSED","MODIFIED","NEW","ON_DEV","ON_QA","POST","RELEASE_PENDING","VERIFIED"],"issue":[115,0,5,42,0,9,2,0,0],"f":[0.664739884393064,0,0.0289017341040462,0.242774566473988,0,0.0520231213872832,0.0115606936416185,0,0]},"MODIFIED":{"old_value":["MODIFIED","MODIFIED","0","MODIFIED","MODIFIED","MODIFIED","MODIFIED","0","MODIFIED"],"new_value":["ASSIGNED","CLOSED","MODIFIED","NEW","ON_DEV","ON_QA","POST","RELEASE_PENDING","VERIFIED"],"issue":[26,375,0,5,1,1386,270,0,39],"f":[0.0123691722169363,0.178401522359657,0,0.00237868696479543,0.000475737392959087,0.659372026641294,0.128449096098953,0,0.0185537583254044]},"NEW":{"old_value":["NEW","NEW","NEW","0","NEW","NEW","NEW","NEW","NEW"],"new_value":["ASSIGNED","CLOSED","MODIFIED","NEW","ON_DEV","ON_QA","POST","RELEASE_PENDING","VERIFIED"],"issue":[970,1460,320,0,9,82,1076,1,5],"f":[0.24725975019118,0.37216416008157,0.0815702268671935,0,0.00229416263063982,0.0209023706347183,0.274279887840938,0.00025490695895998,0.0012745347947999]},"ON_DEV":{"old_value":["ON_DEV","ON_DEV","ON_DEV","0","0","ON_DEV","ON_DEV","0","0"],"new_value":["ASSIGNED","CLOSED","MODIFIED","NEW","ON_DEV","ON_QA","POST","RELEASE_PENDING","VERIFIED"],"issue":[3,2,18,0,0,11,9,0,0],"f":[0.0697674418604651,0.0465116279069767,0.418604651162791,0,0,0.255813953488372,0.209302325581395,0,0]},"ON_QA":{"old_value":["ON_QA","ON_QA","ON_QA","ON_QA","ON_QA","0","ON_QA","0","ON_QA"],"new_value":["ASSIGNED","CLOSED","MODIFIED","NEW","ON_DEV","ON_QA","POST","RELEASE_PENDING","VERIFIED"],"issue":[72,756,82,6,1,0,15,0,542],"f":[0.0488466757123474,0.512890094979647,0.0556309362279511,0.00407055630936228,0.00067842605156038,0,0.0101763907734057,0,0.367706919945726]},"POST":{"old_value":["POST","POST","POST","POST","POST","POST","0","0","POST"],"new_value":["ASSIGNED","CLOSED","MODIFIED","NEW","ON_DEV","ON_QA","POST","RELEASE_PENDING","VERIFIED"],"issue":[36,158,1410,24,12,64,0,0,11],"f":[0.0209912536443149,0.0921282798833819,0.822157434402332,0.0139941690962099,0.00699708454810496,0.0373177842565598,0,0,0.00641399416909621]},"RELEASE_PENDING":{"old_value":["0","0","RELEASE_PENDING","0","0","0","0","0","0"],"new_value":["ASSIGNED","CLOSED","MODIFIED","NEW","ON_DEV","ON_QA","POST","RELEASE_PENDING","VERIFIED"],"issue":[0,0,1,0,0,0,0,0,0],"f":[0,0,1,0,0,0,0,0,0]},"VERIFIED":{"old_value":["VERIFIED","VERIFIED","VERIFIED","VERIFIED","0","VERIFIED","VERIFIED","0","0"],"new_value":["ASSIGNED","CLOSED","MODIFIED","NEW","ON_DEV","ON_QA","POST","RELEASE_PENDING","VERIFIED"],"issue":[5,375,1,1,0,10,1,0,0],"f":[0.0127226463104326,0.954198473282443,0.00254452926208651,0.00254452926208651,0,0.0254452926208651,0.00254452926208651,0,0]}}