{"ASSIGNED":{"old_value":["0","ASSIGNED","ASSIGNED","ASSIGNED","ASSIGNED","ASSIGNED","ASSIGNED","0","ASSIGNED"],"new_value":["ASSIGNED","CLOSED","MODIFIED","NEW","ON_DEV","ON_QA","POST","RELEASE_PENDING","VERIFIED"],"issue":[0,199,328,73,20,49,522,0,5],"f":[0,0.166387959866221,0.274247491638796,0.0610367892976589,0.0167224080267559,0.0409698996655518,0.436454849498328,0,0.00418060200668896]},"CLOSED":{"old_value":["CLOSED","0","CLOSED","CLOSED","0","CLOSED","CLOSED","0","0"],"new_value":["ASSIGNED","CLOSED","MODIFIED","NEW","ON_DEV","ON_QA","POST","RELEASE_PENDING","VERIFIED"],"issue":[112,0,5,42,0,9,2,0,0],"f":[0.658823529411765,0,0.0294117647058824,0.247058823529412,0,0.0529411764705882,0.0117647058823529,0,0]},"MODIFIED":{"old_value":["MODIFIED","MODIFIED","0","MODIFIED","MODIFIED","MODIFIED","MODIFIED","0","MODIFIED"],"new_value":["ASSIGNED","CLOSED","MODIFIED","NEW","ON_DEV","ON_QA","POST","RELEASE_PENDING","VERIFIED"],"issue":[26,373,0,5,1,1383,265,0,39],"f":[0.0124282982791587,0.1782982791587,0,0.00239005736137667,0.000478011472275335,0.661089866156788,0.126673040152964,0,0.0186424474187381]},"NEW":{"old_value":["NEW","NEW","NEW","0","NEW","NEW","NEW","NEW","NEW"],"new_value":["ASSIGNED","CLOSED","MODIFIED","NEW","ON_DEV","ON_QA","POST","RELEASE_PENDING","VERIFIED"],"issue":[953,1405,310,0,9,77,1031,1,5],"f":[0.251384858876286,0.370614613558428,0.081772619361646,0,0.00237404378791876,0.0203112635188605,0.271959905038248,0.000263782643102084,0.00131891321551042]},"ON_DEV":{"old_value":["ON_DEV","ON_DEV","ON_DEV","0","0","ON_DEV","ON_DEV","0","0"],"new_value":["ASSIGNED","CLOSED","MODIFIED","NEW","ON_DEV","ON_QA","POST","RELEASE_PENDING","VERIFIED"],"issue":[3,2,18,0,0,11,9,0,0],"f":[0.0697674418604651,0.0465116279069767,0.418604651162791,0,0,0.255813953488372,0.209302325581395,0,0]},"ON_QA":{"old_value":["ON_QA","ON_QA","ON_QA","ON_QA","ON_QA","0","ON_QA","0","ON_QA"],"new_value":["ASSIGNED","CLOSED","MODIFIED","NEW","ON_DEV","ON_QA","POST","RELEASE_PENDING","VERIFIED"],"issue":[70,745,82,6,1,0,15,0,510],"f":[0.0489853044086774,0.521343596920924,0.0573827851644507,0.00419874037788663,0.000699790062981106,0,0.0104968509447166,0,0.356892932120364]},"POST":{"old_value":["POST","POST","POST","POST","POST","POST","0","0","POST"],"new_value":["ASSIGNED","CLOSED","MODIFIED","NEW","ON_DEV","ON_QA","POST","RELEASE_PENDING","VERIFIED"],"issue":[35,157,1372,24,12,62,0,0,11],"f":[0.0209205020920502,0.0938433950986252,0.820083682008368,0.0143454871488344,0.00717274357441721,0.0370591751344889,0,0,0.00657501494321578]},"RELEASE_PENDING":{"old_value":["0","0","RELEASE_PENDING","0","0","0","0","0","0"],"new_value":["ASSIGNED","CLOSED","MODIFIED","NEW","ON_DEV","ON_QA","POST","RELEASE_PENDING","VERIFIED"],"issue":[0,0,1,0,0,0,0,0,0],"f":[0,0,1,0,0,0,0,0,0]},"VERIFIED":{"old_value":["VERIFIED","VERIFIED","VERIFIED","VERIFIED","0","VERIFIED","VERIFIED","0","0"],"new_value":["ASSIGNED","CLOSED","MODIFIED","NEW","ON_DEV","ON_QA","POST","RELEASE_PENDING","VERIFIED"],"issue":[4,375,1,1,0,10,1,0,0],"f":[0.0102040816326531,0.956632653061224,0.00255102040816327,0.00255102040816327,0,0.0255102040816327,0.00255102040816327,0,0]}}