{"ASSIGNED":{"old_value":["0","ASSIGNED","ASSIGNED","ASSIGNED","ASSIGNED","ASSIGNED","ASSIGNED","0","ASSIGNED"],"new_value":["ASSIGNED","CLOSED","MODIFIED","NEW","ON_DEV","ON_QA","POST","RELEASE_PENDING","VERIFIED"],"issue":[0,186,300,70,20,41,451,0,5],"f":[0,0.173345759552656,0.279589934762349,0.065237651444548,0.0186393289841566,0.038210624417521,0.420316868592731,0,0.00465983224603914]},"CLOSED":{"old_value":["CLOSED","0","CLOSED","CLOSED","0","CLOSED","CLOSED","0","0"],"new_value":["ASSIGNED","CLOSED","MODIFIED","NEW","ON_DEV","ON_QA","POST","RELEASE_PENDING","VERIFIED"],"issue":[106,0,3,24,0,7,1,0,0],"f":[0.75177304964539,0,0.0212765957446809,0.170212765957447,0,0.049645390070922,0.00709219858156028,0,0]},"MODIFIED":{"old_value":["MODIFIED","MODIFIED","0","MODIFIED","MODIFIED","MODIFIED","MODIFIED","0","MODIFIED"],"new_value":["ASSIGNED","CLOSED","MODIFIED","NEW","ON_DEV","ON_QA","POST","RELEASE_PENDING","VERIFIED"],"issue":[18,360,0,3,1,1115,219,0,37],"f":[0.0102681118083286,0.205362236166572,0,0.00171135196805476,0.000570450656018254,0.636052481460354,0.124928693667998,0,0.0211066742726754]},"NEW":{"old_value":["NEW","NEW","NEW","0","NEW","NEW","NEW","NEW","NEW"],"new_value":["ASSIGNED","CLOSED","MODIFIED","NEW","ON_DEV","ON_QA","POST","RELEASE_PENDING","VERIFIED"],"issue":[877,1209,241,0,9,58,815,1,5],"f":[0.272783825816485,0.376049766718507,0.0749611197511664,0,0.00279937791601866,0.0180404354587869,0.253499222395023,0.00031104199066874,0.0015552099533437]},"ON_DEV":{"old_value":["ON_DEV","ON_DEV","ON_DEV","0","0","ON_DEV","ON_DEV","0","0"],"new_value":["ASSIGNED","CLOSED","MODIFIED","NEW","ON_DEV","ON_QA","POST","RELEASE_PENDING","VERIFIED"],"issue":[3,2,18,0,0,11,9,0,0],"f":[0.0697674418604651,0.0465116279069767,0.418604651162791,0,0,0.255813953488372,0.209302325581395,0,0]},"ON_QA":{"old_value":["ON_QA","ON_QA","ON_QA","ON_QA","ON_QA","0","ON_QA","0","ON_QA"],"new_value":["ASSIGNED","CLOSED","MODIFIED","NEW","ON_DEV","ON_QA","POST","RELEASE_PENDING","VERIFIED"],"issue":[46,741,77,4,1,0,9,0,333],"f":[0.0379851362510322,0.611890999174236,0.0635838150289017,0.00330305532617671,0.000825763831544178,0,0.0074318744838976,0,0.274979355904211]},"POST":{"old_value":["POST","POST","POST","POST","POST","POST","0","0","POST"],"new_value":["ASSIGNED","CLOSED","MODIFIED","NEW","ON_DEV","ON_QA","POST","RELEASE_PENDING","VERIFIED"],"issue":[25,153,1093,19,12,47,0,0,11],"f":[0.0183823529411765,0.1125,0.803676470588235,0.0139705882352941,0.00882352941176471,0.0345588235294118,0,0,0.00808823529411765]},"RELEASE_PENDING":{"old_value":["0","0","RELEASE_PENDING","0","0","0","0","0","0"],"new_value":["ASSIGNED","CLOSED","MODIFIED","NEW","ON_DEV","ON_QA","POST","RELEASE_PENDING","VERIFIED"],"issue":[0,0,1,0,0,0,0,0,0],"f":[0,0,1,0,0,0,0,0,0]},"VERIFIED":{"old_value":["VERIFIED","VERIFIED","VERIFIED","VERIFIED","0","VERIFIED","VERIFIED","0","0"],"new_value":["ASSIGNED","CLOSED","MODIFIED","NEW","ON_DEV","ON_QA","POST","RELEASE_PENDING","VERIFIED"],"issue":[4,372,1,1,0,7,1,0,0],"f":[0.0103626943005181,0.963730569948187,0.00259067357512953,0.00259067357512953,0,0.0181347150259067,0.00259067357512953,0,0]}}