{"ASSIGNED":{"old_value":["0","ASSIGNED","ASSIGNED","ASSIGNED","ASSIGNED","ASSIGNED","ASSIGNED","0","ASSIGNED"],"new_value":["ASSIGNED","CLOSED","MODIFIED","NEW","ON_DEV","ON_QA","POST","RELEASE_PENDING","VERIFIED"],"issue":[0,167,292,67,20,33,405,0,5],"f":[0,0.168857431749242,0.295247724974722,0.0677451971688574,0.0202224469160768,0.0333670374115268,0.409504550050556,0,0.00505561172901921]},"CLOSED":{"old_value":["CLOSED","0","CLOSED","CLOSED","0","CLOSED","0","0","0"],"new_value":["ASSIGNED","CLOSED","MODIFIED","NEW","ON_DEV","ON_QA","POST","RELEASE_PENDING","VERIFIED"],"issue":[99,0,2,19,0,5,0,0,0],"f":[0.792,0,0.016,0.152,0,0.04,0,0,0]},"MODIFIED":{"old_value":["MODIFIED","MODIFIED","0","MODIFIED","MODIFIED","MODIFIED","MODIFIED","0","MODIFIED"],"new_value":["ASSIGNED","CLOSED","MODIFIED","NEW","ON_DEV","ON_QA","POST","RELEASE_PENDING","VERIFIED"],"issue":[17,200,0,2,1,1010,172,0,36],"f":[0.0118219749652295,0.139082058414465,0,0.00139082058414465,0.000695410292072323,0.702364394993046,0.119610570236439,0,0.0250347705146036]},"NEW":{"old_value":["NEW","NEW","NEW","0","NEW","NEW","NEW","NEW","NEW"],"new_value":["ASSIGNED","CLOSED","MODIFIED","NEW","ON_DEV","ON_QA","POST","RELEASE_PENDING","VERIFIED"],"issue":[831,1116,211,0,9,56,675,1,4],"f":[0.286255597657596,0.384429900103341,0.072683430933517,0,0.00310024112986566,0.0192903892524974,0.232518084739924,0.00034447123665174,0.00137788494660696]},"ON_DEV":{"old_value":["ON_DEV","ON_DEV","ON_DEV","0","0","ON_DEV","ON_DEV","0","0"],"new_value":["ASSIGNED","CLOSED","MODIFIED","NEW","ON_DEV","ON_QA","POST","RELEASE_PENDING","VERIFIED"],"issue":[3,2,18,0,0,11,9,0,0],"f":[0.0697674418604651,0.0465116279069767,0.418604651162791,0,0,0.255813953488372,0.209302325581395,0,0]},"ON_QA":{"old_value":["ON_QA","ON_QA","ON_QA","ON_QA","ON_QA","0","ON_QA","0","ON_QA"],"new_value":["ASSIGNED","CLOSED","MODIFIED","NEW","ON_DEV","ON_QA","POST","RELEASE_PENDING","VERIFIED"],"issue":[43,656,77,4,1,0,8,0,310],"f":[0.0391264786169245,0.596906278434941,0.0700636942675159,0.00363967242948135,0.000909918107370337,0,0.00727934485896269,0,0.282074613284804]},"POST":{"old_value":["POST","POST","POST","POST","POST","POST","0","0","POST"],"new_value":["ASSIGNED","CLOSED","MODIFIED","NEW","ON_DEV","ON_QA","POST","RELEASE_PENDING","VERIFIED"],"issue":[21,105,873,15,12,44,0,0,11],"f":[0.0194264569842738,0.0971322849213691,0.807585568917669,0.0138760407030527,0.0111008325624422,0.0407030527289547,0,0,0.0101757631822387]},"RELEASE_PENDING":{"old_value":["0","0","RELEASE_PENDING","0","0","0","0","0","0"],"new_value":["ASSIGNED","CLOSED","MODIFIED","NEW","ON_DEV","ON_QA","POST","RELEASE_PENDING","VERIFIED"],"issue":[0,0,1,0,0,0,0,0,0],"f":[0,0,1,0,0,0,0,0,0]},"VERIFIED":{"old_value":["VERIFIED","VERIFIED","VERIFIED","VERIFIED","0","VERIFIED","VERIFIED","0","0"],"new_value":["ASSIGNED","CLOSED","MODIFIED","NEW","ON_DEV","ON_QA","POST","RELEASE_PENDING","VERIFIED"],"issue":[4,93,1,1,0,6,1,0,0],"f":[0.0377358490566038,0.877358490566038,0.00943396226415094,0.00943396226415094,0,0.0566037735849057,0.00943396226415094,0,0]}}