{"data":{"years":[2008,2009,2010,2011,2012,2013,2014],"X0.99":[190072.77,1963972.5,1836163.29,1093325.97,884296.08,447158.99,8843.25999999999],"X0.95":[182419.85,1647585.5,1714082.2,899330.3,604994.2,387593,5496.29999999999],"X0.5":[96324.5,1233724,1319962,524010,281781,87426,171],"X0.25":[48493.75,402466.5,1102047.25,375448.75,106089,21866.75,19.75]},"labels":[0.99,0.95,0.5,0.25]}