{"ASSIGNED":{"old_value":["0","ASSIGNED","ASSIGNED","ASSIGNED","ASSIGNED","ASSIGNED","ASSIGNED","0","ASSIGNED"],"new_value":["ASSIGNED","CLOSED","MODIFIED","NEW","ON_DEV","ON_QA","POST","RELEASE_PENDING","VERIFIED"],"issue":[0,211,329,77,20,53,556,0,5],"f":[0,0.168665067945643,0.262989608313349,0.061550759392486,0.0159872102318145,0.0423661071143086,0.444444444444444,0,0.00399680255795364]},"CLOSED":{"old_value":["CLOSED","0","CLOSED","CLOSED","0","CLOSED","CLOSED","0","0"],"new_value":["ASSIGNED","CLOSED","MODIFIED","NEW","ON_DEV","ON_QA","POST","RELEASE_PENDING","VERIFIED"],"issue":[117,0,5,43,0,9,2,0,0],"f":[0.664772727272727,0,0.0284090909090909,0.244318181818182,0,0.0511363636363636,0.0113636363636364,0,0]},"MODIFIED":{"old_value":["MODIFIED","MODIFIED","0","MODIFIED","MODIFIED","MODIFIED","MODIFIED","0","MODIFIED"],"new_value":["ASSIGNED","CLOSED","MODIFIED","NEW","ON_DEV","ON_QA","POST","RELEASE_PENDING","VERIFIED"],"issue":[26,375,0,5,1,1453,275,0,41],"f":[0.0119485294117647,0.172334558823529,0,0.00229779411764706,0.000459558823529412,0.667738970588235,0.126378676470588,0,0.0188419117647059]},"NEW":{"old_value":["NEW","NEW","NEW","0","NEW","NEW","NEW","NEW","NEW"],"new_value":["ASSIGNED","CLOSED","MODIFIED","NEW","ON_DEV","ON_QA","POST","RELEASE_PENDING","VERIFIED"],"issue":[1001,1498,331,0,9,87,1148,1,6],"f":[0.245283018867925,0.367066895368782,0.0811075716736094,0,0.00220534182798334,0.0213183043371723,0.281303602058319,0.000245037980887037,0.00147022788532222]},"ON_DEV":{"old_value":["ON_DEV","ON_DEV","ON_DEV","0","0","ON_DEV","ON_DEV","0","0"],"new_value":["ASSIGNED","CLOSED","MODIFIED","NEW","ON_DEV","ON_QA","POST","RELEASE_PENDING","VERIFIED"],"issue":[3,2,18,0,0,11,9,0,0],"f":[0.0697674418604651,0.0465116279069767,0.418604651162791,0,0,0.255813953488372,0.209302325581395,0,0]},"ON_QA":{"old_value":["ON_QA","ON_QA","ON_QA","ON_QA","ON_QA","0","ON_QA","0","ON_QA"],"new_value":["ASSIGNED","CLOSED","MODIFIED","NEW","ON_DEV","ON_QA","POST","RELEASE_PENDING","VERIFIED"],"issue":[73,762,82,9,1,0,16,0,580],"f":[0.0479317137229153,0.500328299409061,0.0538411030860144,0.00590938936309915,0.000656598818122127,0,0.010505581089954,0,0.380827314510834]},"POST":{"old_value":["POST","POST","POST","POST","POST","POST","0","0","POST"],"new_value":["ASSIGNED","CLOSED","MODIFIED","NEW","ON_DEV","ON_QA","POST","RELEASE_PENDING","VERIFIED"],"issue":[37,158,1492,25,12,64,0,0,11],"f":[0.0205669816564758,0.0878265703168427,0.82934963868816,0.0138966092273485,0.00667037242912729,0.0355753196220122,0,0,0.00611450806003335]},"RELEASE_PENDING":{"old_value":["0","0","RELEASE_PENDING","0","0","0","0","0","0"],"new_value":["ASSIGNED","CLOSED","MODIFIED","NEW","ON_DEV","ON_QA","POST","RELEASE_PENDING","VERIFIED"],"issue":[0,0,1,0,0,0,0,0,0],"f":[0,0,1,0,0,0,0,0,0]},"VERIFIED":{"old_value":["VERIFIED","VERIFIED","VERIFIED","VERIFIED","0","VERIFIED","VERIFIED","0","0"],"new_value":["ASSIGNED","CLOSED","MODIFIED","NEW","ON_DEV","ON_QA","POST","RELEASE_PENDING","VERIFIED"],"issue":[5,375,2,1,0,10,1,0,0],"f":[0.0126903553299492,0.951776649746193,0.0050761421319797,0.00253807106598985,0,0.0253807106598985,0.00253807106598985,0,0]}}