{"ASSIGNED":{"old_value":["0","ASSIGNED","ASSIGNED","ASSIGNED","ASSIGNED","ASSIGNED","ASSIGNED","0","ASSIGNED"],"new_value":["ASSIGNED","CLOSED","MODIFIED","NEW","ON_DEV","ON_QA","POST","RELEASE_PENDING","VERIFIED"],"issue":[0,220,334,82,20,63,604,0,7],"f":[0,0.165413533834586,0.251127819548872,0.0616541353383459,0.0150375939849624,0.0473684210526316,0.454135338345865,0,0.00526315789473684]},"CLOSED":{"old_value":["CLOSED","0","CLOSED","CLOSED","0","CLOSED","CLOSED","0","0"],"new_value":["ASSIGNED","CLOSED","MODIFIED","NEW","ON_DEV","ON_QA","POST","RELEASE_PENDING","VERIFIED"],"issue":[122,0,5,47,0,9,2,0,0],"f":[0.659459459459459,0,0.027027027027027,0.254054054054054,0,0.0486486486486487,0.0108108108108108,0,0]},"MODIFIED":{"old_value":["MODIFIED","MODIFIED","0","MODIFIED","MODIFIED","MODIFIED","MODIFIED","0","MODIFIED"],"new_value":["ASSIGNED","CLOSED","MODIFIED","NEW","ON_DEV","ON_QA","POST","RELEASE_PENDING","VERIFIED"],"issue":[28,378,0,6,1,1697,304,0,44],"f":[0.0113913751017087,0.153783563873068,0,0.00244100895036615,0.000406834825061025,0.69039869812856,0.123677786818552,0,0.0179007323026851]},"NEW":{"old_value":["NEW","NEW","NEW","0","NEW","NEW","NEW","NEW","NEW"],"new_value":["ASSIGNED","CLOSED","MODIFIED","NEW","ON_DEV","ON_QA","POST","RELEASE_PENDING","VERIFIED"],"issue":[1033,1580,352,0,9,97,1280,1,6],"f":[0.237035337310693,0.362551629187701,0.080770995869665,0,0.00206516750803121,0.0222579164754475,0.293712712253327,0.000229463056447912,0.00137677833868747]},"ON_DEV":{"old_value":["ON_DEV","ON_DEV","ON_DEV","0","0","ON_DEV","ON_DEV","0","0"],"new_value":["ASSIGNED","CLOSED","MODIFIED","NEW","ON_DEV","ON_QA","POST","RELEASE_PENDING","VERIFIED"],"issue":[3,2,18,0,0,11,9,0,0],"f":[0.0697674418604651,0.0465116279069767,0.418604651162791,0,0,0.255813953488372,0.209302325581395,0,0]},"ON_QA":{"old_value":["ON_QA","ON_QA","ON_QA","ON_QA","ON_QA","0","ON_QA","0","ON_QA"],"new_value":["ASSIGNED","CLOSED","MODIFIED","NEW","ON_DEV","ON_QA","POST","RELEASE_PENDING","VERIFIED"],"issue":[86,793,95,10,1,0,18,0,807],"f":[0.0475138121546961,0.438121546961326,0.0524861878453039,0.00552486187845304,0.000552486187845304,0,0.00994475138121547,0,0.44585635359116]},"POST":{"old_value":["POST","POST","POST","POST","POST","POST","0","0","POST"],"new_value":["ASSIGNED","CLOSED","MODIFIED","NEW","ON_DEV","ON_QA","POST","RELEASE_PENDING","VERIFIED"],"issue":[42,165,1737,29,12,70,0,0,12],"f":[0.0203193033381713,0.0798258345428157,0.840348330914369,0.0140299951620706,0.0058055152394775,0.0338655055636188,0,0,0.0058055152394775]},"RELEASE_PENDING":{"old_value":["0","0","RELEASE_PENDING","0","0","0","0","0","0"],"new_value":["ASSIGNED","CLOSED","MODIFIED","NEW","ON_DEV","ON_QA","POST","RELEASE_PENDING","VERIFIED"],"issue":[0,0,1,0,0,0,0,0,0],"f":[0,0,1,0,0,0,0,0,0]},"VERIFIED":{"old_value":["VERIFIED","VERIFIED","VERIFIED","VERIFIED","0","VERIFIED","VERIFIED","0","0"],"new_value":["ASSIGNED","CLOSED","MODIFIED","NEW","ON_DEV","ON_QA","POST","RELEASE_PENDING","VERIFIED"],"issue":[9,381,2,2,0,16,1,0,0],"f":[0.0218978102189781,0.927007299270073,0.0048661800486618,0.0048661800486618,0,0.0389294403892944,0.0024330900243309,0,0]}}