{"ASSIGNED":{"old_value":["0","ASSIGNED","ASSIGNED","ASSIGNED","ASSIGNED","ASSIGNED","ASSIGNED","0","ASSIGNED"],"new_value":["ASSIGNED","CLOSED","MODIFIED","NEW","ON_DEV","ON_QA","POST","RELEASE_PENDING","VERIFIED"],"issue":[0,197,325,72,20,49,519,0,5],"f":[0,0.165964616680708,0.27379949452401,0.0606571187868576,0.016849199663016,0.0412805391743892,0.437236731255265,0,0.004212299915754]},"CLOSED":{"old_value":["CLOSED","0","CLOSED","CLOSED","0","CLOSED","CLOSED","0","0"],"new_value":["ASSIGNED","CLOSED","MODIFIED","NEW","ON_DEV","ON_QA","POST","RELEASE_PENDING","VERIFIED"],"issue":[111,0,5,40,0,9,2,0,0],"f":[0.664670658682635,0,0.029940119760479,0.239520958083832,0,0.0538922155688623,0.0119760479041916,0,0]},"MODIFIED":{"old_value":["MODIFIED","MODIFIED","0","MODIFIED","MODIFIED","MODIFIED","MODIFIED","0","MODIFIED"],"new_value":["ASSIGNED","CLOSED","MODIFIED","NEW","ON_DEV","ON_QA","POST","RELEASE_PENDING","VERIFIED"],"issue":[26,373,0,5,1,1379,265,0,39],"f":[0.0124521072796935,0.178639846743295,0,0.00239463601532567,0.000478927203065134,0.66044061302682,0.126915708812261,0,0.0186781609195402]},"NEW":{"old_value":["NEW","NEW","NEW","0","NEW","NEW","NEW","NEW","NEW"],"new_value":["ASSIGNED","CLOSED","MODIFIED","NEW","ON_DEV","ON_QA","POST","RELEASE_PENDING","VERIFIED"],"issue":[950,1384,308,0,9,77,1010,1,5],"f":[0.253739316239316,0.36965811965812,0.0822649572649573,0,0.00240384615384615,0.0205662393162393,0.269764957264957,0.000267094017094017,0.00133547008547009]},"ON_DEV":{"old_value":["ON_DEV","ON_DEV","ON_DEV","0","0","ON_DEV","ON_DEV","0","0"],"new_value":["ASSIGNED","CLOSED","MODIFIED","NEW","ON_DEV","ON_QA","POST","RELEASE_PENDING","VERIFIED"],"issue":[3,2,18,0,0,11,9,0,0],"f":[0.0697674418604651,0.0465116279069767,0.418604651162791,0,0,0.255813953488372,0.209302325581395,0,0]},"ON_QA":{"old_value":["ON_QA","ON_QA","ON_QA","ON_QA","ON_QA","0","ON_QA","0","ON_QA"],"new_value":["ASSIGNED","CLOSED","MODIFIED","NEW","ON_DEV","ON_QA","POST","RELEASE_PENDING","VERIFIED"],"issue":[61,745,82,6,1,0,14,0,455],"f":[0.0447214076246334,0.546187683284457,0.0601173020527859,0.00439882697947214,0.000733137829912023,0,0.0102639296187683,0,0.333577712609971]},"POST":{"old_value":["POST","POST","POST","POST","POST","POST","0","0","POST"],"new_value":["ASSIGNED","CLOSED","MODIFIED","NEW","ON_DEV","ON_QA","POST","RELEASE_PENDING","VERIFIED"],"issue":[35,157,1369,23,12,61,0,0,11],"f":[0.0209832134292566,0.0941247002398082,0.820743405275779,0.01378896882494,0.00719424460431655,0.0365707434052758,0,0,0.0065947242206235]},"RELEASE_PENDING":{"old_value":["0","0","RELEASE_PENDING","0","0","0","0","0","0"],"new_value":["ASSIGNED","CLOSED","MODIFIED","NEW","ON_DEV","ON_QA","POST","RELEASE_PENDING","VERIFIED"],"issue":[0,0,1,0,0,0,0,0,0],"f":[0,0,1,0,0,0,0,0,0]},"VERIFIED":{"old_value":["VERIFIED","VERIFIED","VERIFIED","VERIFIED","0","VERIFIED","VERIFIED","0","0"],"new_value":["ASSIGNED","CLOSED","MODIFIED","NEW","ON_DEV","ON_QA","POST","RELEASE_PENDING","VERIFIED"],"issue":[4,375,1,1,0,10,1,0,0],"f":[0.0102040816326531,0.956632653061224,0.00255102040816327,0.00255102040816327,0,0.0255102040816327,0.00255102040816327,0,0]}}