{"ASSIGNED":{"old_value":["0","ASSIGNED","ASSIGNED","ASSIGNED","ASSIGNED","ASSIGNED","ASSIGNED","0","ASSIGNED"],"new_value":["ASSIGNED","CLOSED","MODIFIED","NEW","ON_DEV","ON_QA","POST","RELEASE_PENDING","VERIFIED"],"issue":[0,205,328,76,20,53,539,0,5],"f":[0,0.16721044045677,0.267536704730832,0.0619902120717781,0.0163132137030995,0.0432300163132137,0.439641109298532,0,0.00407830342577488]},"CLOSED":{"old_value":["CLOSED","0","CLOSED","CLOSED","0","CLOSED","CLOSED","0","0"],"new_value":["ASSIGNED","CLOSED","MODIFIED","NEW","ON_DEV","ON_QA","POST","RELEASE_PENDING","VERIFIED"],"issue":[115,0,5,42,0,9,2,0,0],"f":[0.664739884393064,0,0.0289017341040462,0.242774566473988,0,0.0520231213872832,0.0115606936416185,0,0]},"MODIFIED":{"old_value":["MODIFIED","MODIFIED","0","MODIFIED","MODIFIED","MODIFIED","MODIFIED","0","MODIFIED"],"new_value":["ASSIGNED","CLOSED","MODIFIED","NEW","ON_DEV","ON_QA","POST","RELEASE_PENDING","VERIFIED"],"issue":[26,375,0,5,1,1386,270,0,39],"f":[0.0123691722169363,0.178401522359657,0,0.00237868696479543,0.000475737392959087,0.659372026641294,0.128449096098953,0,0.0185537583254044]},"NEW":{"old_value":["NEW","NEW","NEW","0","NEW","NEW","NEW","NEW","NEW"],"new_value":["ASSIGNED","CLOSED","MODIFIED","NEW","ON_DEV","ON_QA","POST","RELEASE_PENDING","VERIFIED"],"issue":[974,1467,321,0,9,82,1078,1,5],"f":[0.24739649479299,0.372618745237491,0.0815341630683261,0,0.00228600457200914,0.0208280416560833,0.273812547625095,0.000254000508001016,0.00127000254000508]},"ON_DEV":{"old_value":["ON_DEV","ON_DEV","ON_DEV","0","0","ON_DEV","ON_DEV","0","0"],"new_value":["ASSIGNED","CLOSED","MODIFIED","NEW","ON_DEV","ON_QA","POST","RELEASE_PENDING","VERIFIED"],"issue":[3,2,18,0,0,11,9,0,0],"f":[0.0697674418604651,0.0465116279069767,0.418604651162791,0,0,0.255813953488372,0.209302325581395,0,0]},"ON_QA":{"old_value":["ON_QA","ON_QA","ON_QA","ON_QA","ON_QA","0","ON_QA","0","ON_QA"],"new_value":["ASSIGNED","CLOSED","MODIFIED","NEW","ON_DEV","ON_QA","POST","RELEASE_PENDING","VERIFIED"],"issue":[72,756,82,6,1,0,15,0,542],"f":[0.0488466757123474,0.512890094979647,0.0556309362279511,0.00407055630936228,0.00067842605156038,0,0.0101763907734057,0,0.367706919945726]},"POST":{"old_value":["POST","POST","POST","POST","POST","POST","0","0","POST"],"new_value":["ASSIGNED","CLOSED","MODIFIED","NEW","ON_DEV","ON_QA","POST","RELEASE_PENDING","VERIFIED"],"issue":[36,158,1411,24,12,64,0,0,11],"f":[0.020979020979021,0.0920745920745921,0.822261072261072,0.013986013986014,0.00699300699300699,0.0372960372960373,0,0,0.00641025641025641]},"RELEASE_PENDING":{"old_value":["0","0","RELEASE_PENDING","0","0","0","0","0","0"],"new_value":["ASSIGNED","CLOSED","MODIFIED","NEW","ON_DEV","ON_QA","POST","RELEASE_PENDING","VERIFIED"],"issue":[0,0,1,0,0,0,0,0,0],"f":[0,0,1,0,0,0,0,0,0]},"VERIFIED":{"old_value":["VERIFIED","VERIFIED","VERIFIED","VERIFIED","0","VERIFIED","VERIFIED","0","0"],"new_value":["ASSIGNED","CLOSED","MODIFIED","NEW","ON_DEV","ON_QA","POST","RELEASE_PENDING","VERIFIED"],"issue":[5,375,1,1,0,10,1,0,0],"f":[0.0127226463104326,0.954198473282443,0.00254452926208651,0.00254452926208651,0,0.0254452926208651,0.00254452926208651,0,0]}}