{"ASSIGNED":{"old_value":["0","ASSIGNED","ASSIGNED","ASSIGNED","ASSIGNED","ASSIGNED","ASSIGNED","0","ASSIGNED"],"new_value":["ASSIGNED","CLOSED","MODIFIED","NEW","ON_DEV","ON_QA","POST","RELEASE_PENDING","VERIFIED"],"issue":[0,188,314,70,20,44,480,0,5],"f":[0,0.167707404103479,0.280107047279215,0.0624442462087422,0.0178412132024978,0.0392506690454951,0.428189116859946,0,0.00446030330062444]},"CLOSED":{"old_value":["CLOSED","0","CLOSED","CLOSED","0","CLOSED","CLOSED","0","0"],"new_value":["ASSIGNED","CLOSED","MODIFIED","NEW","ON_DEV","ON_QA","POST","RELEASE_PENDING","VERIFIED"],"issue":[109,0,5,34,0,7,2,0,0],"f":[0.694267515923567,0,0.0318471337579618,0.21656050955414,0,0.0445859872611465,0.0127388535031847,0,0]},"MODIFIED":{"old_value":["MODIFIED","MODIFIED","0","MODIFIED","MODIFIED","MODIFIED","MODIFIED","0","MODIFIED"],"new_value":["ASSIGNED","CLOSED","MODIFIED","NEW","ON_DEV","ON_QA","POST","RELEASE_PENDING","VERIFIED"],"issue":[23,363,0,4,1,1175,237,0,37],"f":[0.0125,0.197282608695652,0,0.00217391304347826,0.000543478260869565,0.638586956521739,0.128804347826087,0,0.0201086956521739]},"NEW":{"old_value":["NEW","NEW","NEW","0","NEW","NEW","NEW","NEW","NEW"],"new_value":["ASSIGNED","CLOSED","MODIFIED","NEW","ON_DEV","ON_QA","POST","RELEASE_PENDING","VERIFIED"],"issue":[911,1316,283,0,9,70,909,1,5],"f":[0.259988584474886,0.375570776255708,0.0807648401826484,0,0.00256849315068493,0.0199771689497717,0.259417808219178,0.000285388127853881,0.00142694063926941]},"ON_DEV":{"old_value":["ON_DEV","ON_DEV","ON_DEV","0","0","ON_DEV","ON_DEV","0","0"],"new_value":["ASSIGNED","CLOSED","MODIFIED","NEW","ON_DEV","ON_QA","POST","RELEASE_PENDING","VERIFIED"],"issue":[3,2,18,0,0,11,9,0,0],"f":[0.0697674418604651,0.0465116279069767,0.418604651162791,0,0,0.255813953488372,0.209302325581395,0,0]},"ON_QA":{"old_value":["ON_QA","ON_QA","ON_QA","ON_QA","ON_QA","0","ON_QA","0","ON_QA"],"new_value":["ASSIGNED","CLOSED","MODIFIED","NEW","ON_DEV","ON_QA","POST","RELEASE_PENDING","VERIFIED"],"issue":[52,742,80,6,1,0,10,0,356],"f":[0.0417000801924619,0.595028067361668,0.0641539695268645,0.00481154771451484,0.000801924619085806,0,0.00801924619085806,0,0.285485164394547]},"POST":{"old_value":["POST","POST","POST","POST","POST","POST","0","0","POST"],"new_value":["ASSIGNED","CLOSED","MODIFIED","NEW","ON_DEV","ON_QA","POST","RELEASE_PENDING","VERIFIED"],"issue":[30,155,1198,20,12,57,0,0,11],"f":[0.0202292650033715,0.104517869184086,0.80782198246797,0.0134861766689144,0.00809170600134862,0.0384356035064059,0,0,0.0074173971679029]},"RELEASE_PENDING":{"old_value":["0","0","RELEASE_PENDING","0","0","0","0","0","0"],"new_value":["ASSIGNED","CLOSED","MODIFIED","NEW","ON_DEV","ON_QA","POST","RELEASE_PENDING","VERIFIED"],"issue":[0,0,1,0,0,0,0,0,0],"f":[0,0,1,0,0,0,0,0,0]},"VERIFIED":{"old_value":["VERIFIED","VERIFIED","VERIFIED","VERIFIED","0","VERIFIED","VERIFIED","0","0"],"new_value":["ASSIGNED","CLOSED","MODIFIED","NEW","ON_DEV","ON_QA","POST","RELEASE_PENDING","VERIFIED"],"issue":[4,372,1,1,0,9,1,0,0],"f":[0.0103092783505155,0.958762886597938,0.00257731958762887,0.00257731958762887,0,0.0231958762886598,0.00257731958762887,0,0]}}