{"ASSIGNED":{"old_value":["0","ASSIGNED","ASSIGNED","ASSIGNED","ASSIGNED","ASSIGNED","ASSIGNED","0","ASSIGNED"],"new_value":["ASSIGNED","CLOSED","MODIFIED","NEW","ON_DEV","ON_QA","POST","RELEASE_PENDING","VERIFIED"],"issue":[0,171,293,69,20,34,413,0,5],"f":[0,0.170149253731343,0.291542288557214,0.0686567164179104,0.0199004975124378,0.0338308457711443,0.410945273631841,0,0.00497512437810945]},"CLOSED":{"old_value":["CLOSED","0","CLOSED","CLOSED","0","CLOSED","0","0","0"],"new_value":["ASSIGNED","CLOSED","MODIFIED","NEW","ON_DEV","ON_QA","POST","RELEASE_PENDING","VERIFIED"],"issue":[102,0,2,21,0,7,0,0,0],"f":[0.772727272727273,0,0.0151515151515152,0.159090909090909,0,0.053030303030303,0,0,0]},"MODIFIED":{"old_value":["MODIFIED","MODIFIED","0","MODIFIED","MODIFIED","MODIFIED","MODIFIED","0","MODIFIED"],"new_value":["ASSIGNED","CLOSED","MODIFIED","NEW","ON_DEV","ON_QA","POST","RELEASE_PENDING","VERIFIED"],"issue":[17,228,0,3,1,1017,182,0,36],"f":[0.011455525606469,0.153638814016173,0,0.00202156334231806,0.000673854447439353,0.685309973045822,0.122641509433962,0,0.0242587601078167]},"NEW":{"old_value":["NEW","NEW","NEW","0","NEW","NEW","NEW","NEW","NEW"],"new_value":["ASSIGNED","CLOSED","MODIFIED","NEW","ON_DEV","ON_QA","POST","RELEASE_PENDING","VERIFIED"],"issue":[841,1140,218,0,9,56,696,1,5],"f":[0.283546864463924,0.384356035064059,0.0734996628455833,0,0.00303438975050573,0.0188806473364801,0.23465947403911,0.000337154416722859,0.0016857720836143]},"ON_DEV":{"old_value":["ON_DEV","ON_DEV","ON_DEV","0","0","ON_DEV","ON_DEV","0","0"],"new_value":["ASSIGNED","CLOSED","MODIFIED","NEW","ON_DEV","ON_QA","POST","RELEASE_PENDING","VERIFIED"],"issue":[3,2,18,0,0,11,9,0,0],"f":[0.0697674418604651,0.0465116279069767,0.418604651162791,0,0,0.255813953488372,0.209302325581395,0,0]},"ON_QA":{"old_value":["ON_QA","ON_QA","ON_QA","ON_QA","ON_QA","0","ON_QA","0","ON_QA"],"new_value":["ASSIGNED","CLOSED","MODIFIED","NEW","ON_DEV","ON_QA","POST","RELEASE_PENDING","VERIFIED"],"issue":[45,709,77,4,1,0,9,0,321],"f":[0.0385934819897084,0.608061749571184,0.0660377358490566,0.00343053173241852,0.000857632933104631,0,0.00771869639794168,0,0.275300171526587]},"POST":{"old_value":["POST","POST","POST","POST","POST","POST","0","0","POST"],"new_value":["ASSIGNED","CLOSED","MODIFIED","NEW","ON_DEV","ON_QA","POST","RELEASE_PENDING","VERIFIED"],"issue":[22,109,902,16,12,44,0,0,11],"f":[0.0197132616487455,0.0976702508960574,0.808243727598566,0.014336917562724,0.010752688172043,0.039426523297491,0,0,0.00985663082437276]},"RELEASE_PENDING":{"old_value":["0","0","RELEASE_PENDING","0","0","0","0","0","0"],"new_value":["ASSIGNED","CLOSED","MODIFIED","NEW","ON_DEV","ON_QA","POST","RELEASE_PENDING","VERIFIED"],"issue":[0,0,1,0,0,0,0,0,0],"f":[0,0,1,0,0,0,0,0,0]},"VERIFIED":{"old_value":["VERIFIED","VERIFIED","VERIFIED","VERIFIED","0","VERIFIED","VERIFIED","0","0"],"new_value":["ASSIGNED","CLOSED","MODIFIED","NEW","ON_DEV","ON_QA","POST","RELEASE_PENDING","VERIFIED"],"issue":[4,359,1,1,0,6,1,0,0],"f":[0.010752688172043,0.96505376344086,0.00268817204301075,0.00268817204301075,0,0.0161290322580645,0.00268817204301075,0,0]}}