{"ASSIGNED":{"old_value":["0","ASSIGNED","ASSIGNED","ASSIGNED","ASSIGNED","ASSIGNED","ASSIGNED","0","ASSIGNED"],"new_value":["ASSIGNED","CLOSED","MODIFIED","NEW","ON_DEV","ON_QA","POST","RELEASE_PENDING","VERIFIED"],"issue":[0,189,314,71,20,44,482,0,5],"f":[0,0.168,0.279111111111111,0.0631111111111111,0.0177777777777778,0.0391111111111111,0.428444444444444,0,0.00444444444444444]},"CLOSED":{"old_value":["CLOSED","0","CLOSED","CLOSED","0","CLOSED","CLOSED","0","0"],"new_value":["ASSIGNED","CLOSED","MODIFIED","NEW","ON_DEV","ON_QA","POST","RELEASE_PENDING","VERIFIED"],"issue":[109,0,5,34,0,7,2,0,0],"f":[0.694267515923567,0,0.0318471337579618,0.21656050955414,0,0.0445859872611465,0.0127388535031847,0,0]},"MODIFIED":{"old_value":["MODIFIED","MODIFIED","0","MODIFIED","MODIFIED","MODIFIED","MODIFIED","0","MODIFIED"],"new_value":["ASSIGNED","CLOSED","MODIFIED","NEW","ON_DEV","ON_QA","POST","RELEASE_PENDING","VERIFIED"],"issue":[23,363,0,4,1,1177,240,0,38],"f":[0.0124593716143012,0.196641386782232,0,0.00216684723726977,0.000541711809317443,0.637594799566631,0.130010834236186,0,0.0205850487540628]},"NEW":{"old_value":["NEW","NEW","NEW","0","NEW","NEW","NEW","NEW","NEW"],"new_value":["ASSIGNED","CLOSED","MODIFIED","NEW","ON_DEV","ON_QA","POST","RELEASE_PENDING","VERIFIED"],"issue":[916,1323,286,0,9,72,911,1,5],"f":[0.260005676979847,0.37553221686063,0.0811808118081181,0,0.00255464093102469,0.0204371274481976,0.258586432018166,0.000283848992336077,0.00141924496168039]},"ON_DEV":{"old_value":["ON_DEV","ON_DEV","ON_DEV","0","0","ON_DEV","ON_DEV","0","0"],"new_value":["ASSIGNED","CLOSED","MODIFIED","NEW","ON_DEV","ON_QA","POST","RELEASE_PENDING","VERIFIED"],"issue":[3,2,18,0,0,11,9,0,0],"f":[0.0697674418604651,0.0465116279069767,0.418604651162791,0,0,0.255813953488372,0.209302325581395,0,0]},"ON_QA":{"old_value":["ON_QA","ON_QA","ON_QA","ON_QA","ON_QA","0","ON_QA","0","ON_QA"],"new_value":["ASSIGNED","CLOSED","MODIFIED","NEW","ON_DEV","ON_QA","POST","RELEASE_PENDING","VERIFIED"],"issue":[52,742,80,6,1,0,10,0,369],"f":[0.0412698412698413,0.588888888888889,0.0634920634920635,0.00476190476190476,0.000793650793650794,0,0.00793650793650794,0,0.292857142857143]},"POST":{"old_value":["POST","POST","POST","POST","POST","POST","0","0","POST"],"new_value":["ASSIGNED","CLOSED","MODIFIED","NEW","ON_DEV","ON_QA","POST","RELEASE_PENDING","VERIFIED"],"issue":[30,155,1201,20,12,57,0,0,11],"f":[0.0201884253028264,0.104306864064603,0.808209959623149,0.0134589502018843,0.00807537012113055,0.0383580080753701,0,0,0.00740242261103634]},"RELEASE_PENDING":{"old_value":["0","0","RELEASE_PENDING","0","0","0","0","0","0"],"new_value":["ASSIGNED","CLOSED","MODIFIED","NEW","ON_DEV","ON_QA","POST","RELEASE_PENDING","VERIFIED"],"issue":[0,0,1,0,0,0,0,0,0],"f":[0,0,1,0,0,0,0,0,0]},"VERIFIED":{"old_value":["VERIFIED","VERIFIED","VERIFIED","VERIFIED","0","VERIFIED","VERIFIED","0","0"],"new_value":["ASSIGNED","CLOSED","MODIFIED","NEW","ON_DEV","ON_QA","POST","RELEASE_PENDING","VERIFIED"],"issue":[4,372,1,1,0,9,1,0,0],"f":[0.0103092783505155,0.958762886597938,0.00257731958762887,0.00257731958762887,0,0.0231958762886598,0.00257731958762887,0,0]}}