{"ASSIGNED":{"old_value":["0","ASSIGNED","ASSIGNED","ASSIGNED","ASSIGNED","ASSIGNED","ASSIGNED","0","ASSIGNED"],"new_value":["ASSIGNED","CLOSED","MODIFIED","NEW","ON_DEV","ON_QA","POST","RELEASE_PENDING","VERIFIED"],"issue":[0,225,337,82,20,64,623,0,7],"f":[0,0.165684830633284,0.248159057437408,0.0603829160530191,0.0147275405007364,0.0471281296023564,0.458762886597938,0,0.00515463917525773]},"CLOSED":{"old_value":["CLOSED","0","CLOSED","CLOSED","0","CLOSED","CLOSED","0","0"],"new_value":["ASSIGNED","CLOSED","MODIFIED","NEW","ON_DEV","ON_QA","POST","RELEASE_PENDING","VERIFIED"],"issue":[124,0,6,48,0,9,2,0,0],"f":[0.656084656084656,0,0.0317460317460317,0.253968253968254,0,0.0476190476190476,0.0105820105820106,0,0]},"MODIFIED":{"old_value":["MODIFIED","MODIFIED","0","MODIFIED","MODIFIED","MODIFIED","MODIFIED","0","MODIFIED"],"new_value":["ASSIGNED","CLOSED","MODIFIED","NEW","ON_DEV","ON_QA","POST","RELEASE_PENDING","VERIFIED"],"issue":[29,513,0,6,1,1705,309,0,46],"f":[0.0111153698735148,0.196627060176313,0,0.00229973169796857,0.000383288616328095,0.653507090839402,0.118436182445381,0,0.0176312763510924]},"NEW":{"old_value":["NEW","NEW","NEW","0","NEW","NEW","NEW","NEW","NEW"],"new_value":["ASSIGNED","CLOSED","MODIFIED","NEW","ON_DEV","ON_QA","POST","RELEASE_PENDING","VERIFIED"],"issue":[1055,1619,356,0,9,100,1332,1,6],"f":[0.235596248325145,0.361545332737829,0.0794997766860205,0,0.00200982581509603,0.0223313979455114,0.297454220634212,0.000223313979455114,0.00133988387673068]},"ON_DEV":{"old_value":["ON_DEV","ON_DEV","ON_DEV","0","0","ON_DEV","ON_DEV","0","0"],"new_value":["ASSIGNED","CLOSED","MODIFIED","NEW","ON_DEV","ON_QA","POST","RELEASE_PENDING","VERIFIED"],"issue":[3,2,18,0,0,11,9,0,0],"f":[0.0697674418604651,0.0465116279069767,0.418604651162791,0,0,0.255813953488372,0.209302325581395,0,0]},"ON_QA":{"old_value":["ON_QA","ON_QA","ON_QA","ON_QA","ON_QA","0","ON_QA","0","ON_QA"],"new_value":["ASSIGNED","CLOSED","MODIFIED","NEW","ON_DEV","ON_QA","POST","RELEASE_PENDING","VERIFIED"],"issue":[86,917,95,10,1,0,18,0,839],"f":[0.0437436419125127,0.466429298067141,0.0483214649033571,0.00508646998982706,0.000508646998982706,0,0.00915564598168871,0,0.42675483214649]},"POST":{"old_value":["POST","POST","POST","POST","POST","POST","0","0","POST"],"new_value":["ASSIGNED","CLOSED","MODIFIED","NEW","ON_DEV","ON_QA","POST","RELEASE_PENDING","VERIFIED"],"issue":[43,168,1792,29,12,70,0,0,13],"f":[0.0202162670427833,0.078984485190409,0.842501175364363,0.0136342266102492,0.00564174894217207,0.0329102021626704,0,0,0.00611189468735308]},"RELEASE_PENDING":{"old_value":["0","0","RELEASE_PENDING","0","0","0","0","0","0"],"new_value":["ASSIGNED","CLOSED","MODIFIED","NEW","ON_DEV","ON_QA","POST","RELEASE_PENDING","VERIFIED"],"issue":[0,0,1,0,0,0,0,0,0],"f":[0,0,1,0,0,0,0,0,0]},"VERIFIED":{"old_value":["VERIFIED","VERIFIED","VERIFIED","VERIFIED","0","VERIFIED","VERIFIED","0","0"],"new_value":["ASSIGNED","CLOSED","MODIFIED","NEW","ON_DEV","ON_QA","POST","RELEASE_PENDING","VERIFIED"],"issue":[9,868,2,2,0,16,1,0,0],"f":[0.010022271714922,0.966592427616927,0.0022271714922049,0.0022271714922049,0,0.0178173719376392,0.00111358574610245,0,0]}}