{"ASSIGNED":{"old_value":["0","ASSIGNED","ASSIGNED","ASSIGNED","ASSIGNED","ASSIGNED","ASSIGNED","0","ASSIGNED"],"new_value":["ASSIGNED","CLOSED","MODIFIED","NEW","ON_DEV","ON_QA","POST","RELEASE_PENDING","VERIFIED"],"issue":[0,204,328,74,20,53,532,0,5],"f":[0,0.167763157894737,0.269736842105263,0.0608552631578947,0.0164473684210526,0.0435855263157895,0.4375,0,0.00411184210526316]},"CLOSED":{"old_value":["CLOSED","0","CLOSED","CLOSED","0","CLOSED","CLOSED","0","0"],"new_value":["ASSIGNED","CLOSED","MODIFIED","NEW","ON_DEV","ON_QA","POST","RELEASE_PENDING","VERIFIED"],"issue":[115,0,5,42,0,9,2,0,0],"f":[0.664739884393064,0,0.0289017341040462,0.242774566473988,0,0.0520231213872832,0.0115606936416185,0,0]},"MODIFIED":{"old_value":["MODIFIED","MODIFIED","0","MODIFIED","MODIFIED","MODIFIED","MODIFIED","0","MODIFIED"],"new_value":["ASSIGNED","CLOSED","MODIFIED","NEW","ON_DEV","ON_QA","POST","RELEASE_PENDING","VERIFIED"],"issue":[26,375,0,5,1,1384,270,0,39],"f":[0.0123809523809524,0.178571428571429,0,0.00238095238095238,0.000476190476190476,0.659047619047619,0.128571428571429,0,0.0185714285714286]},"NEW":{"old_value":["NEW","NEW","NEW","0","NEW","NEW","NEW","NEW","NEW"],"new_value":["ASSIGNED","CLOSED","MODIFIED","NEW","ON_DEV","ON_QA","POST","RELEASE_PENDING","VERIFIED"],"issue":[965,1453,320,0,9,79,1071,1,5],"f":[0.247245708429413,0.372277735075583,0.0819882141942096,0,0.00230591852421214,0.0202408403791955,0.274404304381245,0.000256213169356905,0.00128106584678452]},"ON_DEV":{"old_value":["ON_DEV","ON_DEV","ON_DEV","0","0","ON_DEV","ON_DEV","0","0"],"new_value":["ASSIGNED","CLOSED","MODIFIED","NEW","ON_DEV","ON_QA","POST","RELEASE_PENDING","VERIFIED"],"issue":[3,2,18,0,0,11,9,0,0],"f":[0.0697674418604651,0.0465116279069767,0.418604651162791,0,0,0.255813953488372,0.209302325581395,0,0]},"ON_QA":{"old_value":["ON_QA","ON_QA","ON_QA","ON_QA","ON_QA","0","ON_QA","0","ON_QA"],"new_value":["ASSIGNED","CLOSED","MODIFIED","NEW","ON_DEV","ON_QA","POST","RELEASE_PENDING","VERIFIED"],"issue":[72,755,82,6,1,0,15,0,541],"f":[0.0489130434782609,0.512907608695652,0.0557065217391304,0.00407608695652174,0.000679347826086957,0,0.0101902173913043,0,0.367527173913043]},"POST":{"old_value":["POST","POST","POST","POST","POST","POST","0","0","POST"],"new_value":["ASSIGNED","CLOSED","MODIFIED","NEW","ON_DEV","ON_QA","POST","RELEASE_PENDING","VERIFIED"],"issue":[36,157,1408,24,12,63,0,0,11],"f":[0.0210403272939801,0.0917592051431911,0.822910578609001,0.0140268848626534,0.00701344243132671,0.0368205727644652,0,0,0.00642898889538282]},"RELEASE_PENDING":{"old_value":["0","0","RELEASE_PENDING","0","0","0","0","0","0"],"new_value":["ASSIGNED","CLOSED","MODIFIED","NEW","ON_DEV","ON_QA","POST","RELEASE_PENDING","VERIFIED"],"issue":[0,0,1,0,0,0,0,0,0],"f":[0,0,1,0,0,0,0,0,0]},"VERIFIED":{"old_value":["VERIFIED","VERIFIED","VERIFIED","VERIFIED","0","VERIFIED","VERIFIED","0","0"],"new_value":["ASSIGNED","CLOSED","MODIFIED","NEW","ON_DEV","ON_QA","POST","RELEASE_PENDING","VERIFIED"],"issue":[5,375,1,1,0,10,1,0,0],"f":[0.0127226463104326,0.954198473282443,0.00254452926208651,0.00254452926208651,0,0.0254452926208651,0.00254452926208651,0,0]}}