{"ASSIGNED":{"old_value":["0","ASSIGNED","ASSIGNED","ASSIGNED","ASSIGNED","ASSIGNED","ASSIGNED","0","ASSIGNED"],"new_value":["ASSIGNED","CLOSED","MODIFIED","NEW","ON_DEV","ON_QA","POST","RELEASE_PENDING","VERIFIED"],"issue":[0,169,292,69,20,34,412,0,5],"f":[0,0.168831168831169,0.291708291708292,0.0689310689310689,0.01998001998002,0.033966033966034,0.411588411588412,0,0.004995004995005]},"CLOSED":{"old_value":["CLOSED","0","CLOSED","CLOSED","0","CLOSED","0","0","0"],"new_value":["ASSIGNED","CLOSED","MODIFIED","NEW","ON_DEV","ON_QA","POST","RELEASE_PENDING","VERIFIED"],"issue":[101,0,2,20,0,7,0,0,0],"f":[0.776923076923077,0,0.0153846153846154,0.153846153846154,0,0.0538461538461538,0,0,0]},"MODIFIED":{"old_value":["MODIFIED","MODIFIED","0","MODIFIED","MODIFIED","MODIFIED","MODIFIED","0","MODIFIED"],"new_value":["ASSIGNED","CLOSED","MODIFIED","NEW","ON_DEV","ON_QA","POST","RELEASE_PENDING","VERIFIED"],"issue":[17,228,0,3,1,1017,182,0,36],"f":[0.011455525606469,0.153638814016173,0,0.00202156334231806,0.000673854447439353,0.685309973045822,0.122641509433962,0,0.0242587601078167]},"NEW":{"old_value":["NEW","NEW","NEW","0","NEW","NEW","NEW","NEW","NEW"],"new_value":["ASSIGNED","CLOSED","MODIFIED","NEW","ON_DEV","ON_QA","POST","RELEASE_PENDING","VERIFIED"],"issue":[839,1137,216,0,9,56,689,1,5],"f":[0.284214092140921,0.385162601626016,0.0731707317073171,0,0.00304878048780488,0.018970189701897,0.23340108401084,0.000338753387533875,0.00169376693766938]},"ON_DEV":{"old_value":["ON_DEV","ON_DEV","ON_DEV","0","0","ON_DEV","ON_DEV","0","0"],"new_value":["ASSIGNED","CLOSED","MODIFIED","NEW","ON_DEV","ON_QA","POST","RELEASE_PENDING","VERIFIED"],"issue":[3,2,18,0,0,11,9,0,0],"f":[0.0697674418604651,0.0465116279069767,0.418604651162791,0,0,0.255813953488372,0.209302325581395,0,0]},"ON_QA":{"old_value":["ON_QA","ON_QA","ON_QA","ON_QA","ON_QA","0","ON_QA","0","ON_QA"],"new_value":["ASSIGNED","CLOSED","MODIFIED","NEW","ON_DEV","ON_QA","POST","RELEASE_PENDING","VERIFIED"],"issue":[45,709,77,4,1,0,9,0,321],"f":[0.0385934819897084,0.608061749571184,0.0660377358490566,0.00343053173241852,0.000857632933104631,0,0.00771869639794168,0,0.275300171526587]},"POST":{"old_value":["POST","POST","POST","POST","POST","POST","0","0","POST"],"new_value":["ASSIGNED","CLOSED","MODIFIED","NEW","ON_DEV","ON_QA","POST","RELEASE_PENDING","VERIFIED"],"issue":[22,109,900,16,12,44,0,0,11],"f":[0.0197486535008977,0.0978456014362657,0.807899461400359,0.0143626570915619,0.0107719928186715,0.0394973070017953,0,0,0.00987432675044883]},"RELEASE_PENDING":{"old_value":["0","0","RELEASE_PENDING","0","0","0","0","0","0"],"new_value":["ASSIGNED","CLOSED","MODIFIED","NEW","ON_DEV","ON_QA","POST","RELEASE_PENDING","VERIFIED"],"issue":[0,0,1,0,0,0,0,0,0],"f":[0,0,1,0,0,0,0,0,0]},"VERIFIED":{"old_value":["VERIFIED","VERIFIED","VERIFIED","VERIFIED","0","VERIFIED","VERIFIED","0","0"],"new_value":["ASSIGNED","CLOSED","MODIFIED","NEW","ON_DEV","ON_QA","POST","RELEASE_PENDING","VERIFIED"],"issue":[4,359,1,1,0,6,1,0,0],"f":[0.010752688172043,0.96505376344086,0.00268817204301075,0.00268817204301075,0,0.0161290322580645,0.00268817204301075,0,0]}}