{"ASSIGNED":{"old_value":["0","ASSIGNED","ASSIGNED","ASSIGNED","ASSIGNED","ASSIGNED","ASSIGNED","0","ASSIGNED"],"new_value":["ASSIGNED","CLOSED","MODIFIED","NEW","ON_DEV","ON_QA","POST","RELEASE_PENDING","VERIFIED"],"issue":[0,206,328,76,20,53,544,0,5],"f":[0,0.167207792207792,0.266233766233766,0.0616883116883117,0.0162337662337662,0.0430194805194805,0.441558441558442,0,0.00405844155844156]},"CLOSED":{"old_value":["CLOSED","0","CLOSED","CLOSED","0","CLOSED","CLOSED","0","0"],"new_value":["ASSIGNED","CLOSED","MODIFIED","NEW","ON_DEV","ON_QA","POST","RELEASE_PENDING","VERIFIED"],"issue":[115,0,5,42,0,9,2,0,0],"f":[0.664739884393064,0,0.0289017341040462,0.242774566473988,0,0.0520231213872832,0.0115606936416185,0,0]},"MODIFIED":{"old_value":["MODIFIED","MODIFIED","0","MODIFIED","MODIFIED","MODIFIED","MODIFIED","0","MODIFIED"],"new_value":["ASSIGNED","CLOSED","MODIFIED","NEW","ON_DEV","ON_QA","POST","RELEASE_PENDING","VERIFIED"],"issue":[26,375,0,5,1,1444,270,0,40],"f":[0.012031466913466,0.173530772790375,0,0.002313743637205,0.000462748727441,0.668209162424803,0.12494215640907,0,0.01850994909764]},"NEW":{"old_value":["NEW","NEW","NEW","0","NEW","NEW","NEW","NEW","NEW"],"new_value":["ASSIGNED","CLOSED","MODIFIED","NEW","ON_DEV","ON_QA","POST","RELEASE_PENDING","VERIFIED"],"issue":[980,1472,322,0,9,82,1104,1,5],"f":[0.246540880503145,0.370314465408805,0.0810062893081761,0,0.00226415094339623,0.0206289308176101,0.277735849056604,0.000251572327044025,0.00125786163522013]},"ON_DEV":{"old_value":["ON_DEV","ON_DEV","ON_DEV","0","0","ON_DEV","ON_DEV","0","0"],"new_value":["ASSIGNED","CLOSED","MODIFIED","NEW","ON_DEV","ON_QA","POST","RELEASE_PENDING","VERIFIED"],"issue":[3,2,18,0,0,11,9,0,0],"f":[0.0697674418604651,0.0465116279069767,0.418604651162791,0,0,0.255813953488372,0.209302325581395,0,0]},"ON_QA":{"old_value":["ON_QA","ON_QA","ON_QA","ON_QA","ON_QA","0","ON_QA","0","ON_QA"],"new_value":["ASSIGNED","CLOSED","MODIFIED","NEW","ON_DEV","ON_QA","POST","RELEASE_PENDING","VERIFIED"],"issue":[73,756,82,7,1,0,15,0,559],"f":[0.0488948425987944,0.506363027461487,0.0549229738780978,0.00468854655056932,0.000669792364367046,0,0.0100468854655057,0,0.374413931681179]},"POST":{"old_value":["POST","POST","POST","POST","POST","POST","0","0","POST"],"new_value":["ASSIGNED","CLOSED","MODIFIED","NEW","ON_DEV","ON_QA","POST","RELEASE_PENDING","VERIFIED"],"issue":[36,158,1447,24,12,64,0,0,11],"f":[0.0205479452054795,0.0901826484018265,0.825913242009132,0.0136986301369863,0.00684931506849315,0.0365296803652968,0,0,0.00627853881278539]},"RELEASE_PENDING":{"old_value":["0","0","RELEASE_PENDING","0","0","0","0","0","0"],"new_value":["ASSIGNED","CLOSED","MODIFIED","NEW","ON_DEV","ON_QA","POST","RELEASE_PENDING","VERIFIED"],"issue":[0,0,1,0,0,0,0,0,0],"f":[0,0,1,0,0,0,0,0,0]},"VERIFIED":{"old_value":["VERIFIED","VERIFIED","VERIFIED","VERIFIED","0","VERIFIED","VERIFIED","0","0"],"new_value":["ASSIGNED","CLOSED","MODIFIED","NEW","ON_DEV","ON_QA","POST","RELEASE_PENDING","VERIFIED"],"issue":[5,375,2,1,0,10,1,0,0],"f":[0.0126903553299492,0.951776649746193,0.0050761421319797,0.00253807106598985,0,0.0253807106598985,0.00253807106598985,0,0]}}