{"ASSIGNED":{"old_value":["0","ASSIGNED","ASSIGNED","ASSIGNED","ASSIGNED","ASSIGNED","ASSIGNED","0","ASSIGNED"],"new_value":["ASSIGNED","CLOSED","MODIFIED","NEW","ON_DEV","ON_QA","POST","RELEASE_PENDING","VERIFIED"],"issue":[0,211,330,77,20,53,557,0,5],"f":[0,0.168395849960096,0.263367916999202,0.0614525139664804,0.0159616919393456,0.0422984836392658,0.444533120510774,0,0.00399042298483639]},"CLOSED":{"old_value":["CLOSED","0","CLOSED","CLOSED","0","CLOSED","CLOSED","0","0"],"new_value":["ASSIGNED","CLOSED","MODIFIED","NEW","ON_DEV","ON_QA","POST","RELEASE_PENDING","VERIFIED"],"issue":[117,0,5,43,0,9,2,0,0],"f":[0.664772727272727,0,0.0284090909090909,0.244318181818182,0,0.0511363636363636,0.0113636363636364,0,0]},"MODIFIED":{"old_value":["MODIFIED","MODIFIED","0","MODIFIED","MODIFIED","MODIFIED","MODIFIED","0","MODIFIED"],"new_value":["ASSIGNED","CLOSED","MODIFIED","NEW","ON_DEV","ON_QA","POST","RELEASE_PENDING","VERIFIED"],"issue":[26,375,0,5,1,1453,277,0,41],"f":[0.0119375573921028,0.172176308539945,0,0.00229568411386593,0.000459136822773186,0.66712580348944,0.127180899908173,0,0.0188246097337006]},"NEW":{"old_value":["NEW","NEW","NEW","0","NEW","NEW","NEW","NEW","NEW"],"new_value":["ASSIGNED","CLOSED","MODIFIED","NEW","ON_DEV","ON_QA","POST","RELEASE_PENDING","VERIFIED"],"issue":[1003,1505,333,0,9,87,1153,1,6],"f":[0.244813278008299,0.3673419575299,0.0812789846228948,0,0.00219672931413229,0.0212350500366122,0.281425433243837,0.000244081034903588,0.00146448620942153]},"ON_DEV":{"old_value":["ON_DEV","ON_DEV","ON_DEV","0","0","ON_DEV","ON_DEV","0","0"],"new_value":["ASSIGNED","CLOSED","MODIFIED","NEW","ON_DEV","ON_QA","POST","RELEASE_PENDING","VERIFIED"],"issue":[3,2,18,0,0,11,9,0,0],"f":[0.0697674418604651,0.0465116279069767,0.418604651162791,0,0,0.255813953488372,0.209302325581395,0,0]},"ON_QA":{"old_value":["ON_QA","ON_QA","ON_QA","ON_QA","ON_QA","0","ON_QA","0","ON_QA"],"new_value":["ASSIGNED","CLOSED","MODIFIED","NEW","ON_DEV","ON_QA","POST","RELEASE_PENDING","VERIFIED"],"issue":[74,762,82,9,1,0,16,0,592],"f":[0.0481770833333333,0.49609375,0.0533854166666667,0.005859375,0.000651041666666667,0,0.0104166666666667,0,0.385416666666667]},"POST":{"old_value":["POST","POST","POST","POST","POST","POST","0","0","POST"],"new_value":["ASSIGNED","CLOSED","MODIFIED","NEW","ON_DEV","ON_QA","POST","RELEASE_PENDING","VERIFIED"],"issue":[37,158,1501,25,12,65,0,0,11],"f":[0.0204532891100055,0.0873410724156993,0.829740187949143,0.0138197899391929,0.0066334991708126,0.0359314538419016,0,0,0.00608070757324489]},"RELEASE_PENDING":{"old_value":["0","0","RELEASE_PENDING","0","0","0","0","0","0"],"new_value":["ASSIGNED","CLOSED","MODIFIED","NEW","ON_DEV","ON_QA","POST","RELEASE_PENDING","VERIFIED"],"issue":[0,0,1,0,0,0,0,0,0],"f":[0,0,1,0,0,0,0,0,0]},"VERIFIED":{"old_value":["VERIFIED","VERIFIED","VERIFIED","VERIFIED","0","VERIFIED","VERIFIED","0","0"],"new_value":["ASSIGNED","CLOSED","MODIFIED","NEW","ON_DEV","ON_QA","POST","RELEASE_PENDING","VERIFIED"],"issue":[5,375,2,1,0,11,1,0,0],"f":[0.0126582278481013,0.949367088607595,0.00506329113924051,0.00253164556962025,0,0.0278481012658228,0.00253164556962025,0,0]}}