{"data":{"years":[2008,2009,2010,2011,2012,2013,2014],"X0.99":[190072.77,1963972.5,2018590.08,1366926,977436.740000001,713538.04,256635.75],"X0.95":[182419.85,1647585.5,1842541.35,988997.25,760697.900000001,564976,157648],"X0.5":[96324.5,1233724,1339465,527501.5,284674,173322.5,50400.5],"X0.25":[48493.75,402466.5,1148705.75,376235.5,111297.5,58078.5,8594.25]},"labels":[0.99,0.95,0.5,0.25]}