{"ASSIGNED":{"old_value":["0","ASSIGNED","ASSIGNED","ASSIGNED","ASSIGNED","ASSIGNED","ASSIGNED","0","ASSIGNED"],"new_value":["ASSIGNED","CLOSED","MODIFIED","NEW","ON_DEV","ON_QA","POST","RELEASE_PENDING","VERIFIED"],"issue":[0,191,316,71,20,45,490,0,5],"f":[0,0.167838312829525,0.27768014059754,0.062390158172232,0.0175746924428823,0.0395430579964851,0.430579964850615,0,0.00439367311072056]},"CLOSED":{"old_value":["CLOSED","0","CLOSED","CLOSED","0","CLOSED","CLOSED","0","0"],"new_value":["ASSIGNED","CLOSED","MODIFIED","NEW","ON_DEV","ON_QA","POST","RELEASE_PENDING","VERIFIED"],"issue":[109,0,5,37,0,7,2,0,0],"f":[0.68125,0,0.03125,0.23125,0,0.04375,0.0125,0,0]},"MODIFIED":{"old_value":["MODIFIED","MODIFIED","0","MODIFIED","MODIFIED","MODIFIED","MODIFIED","0","MODIFIED"],"new_value":["ASSIGNED","CLOSED","MODIFIED","NEW","ON_DEV","ON_QA","POST","RELEASE_PENDING","VERIFIED"],"issue":[23,363,0,4,1,1223,248,0,38],"f":[0.0121052631578947,0.191052631578947,0,0.00210526315789474,0.000526315789473684,0.643684210526316,0.130526315789474,0,0.02]},"NEW":{"old_value":["NEW","NEW","NEW","0","NEW","NEW","NEW","NEW","NEW"],"new_value":["ASSIGNED","CLOSED","MODIFIED","NEW","ON_DEV","ON_QA","POST","RELEASE_PENDING","VERIFIED"],"issue":[926,1335,291,0,9,72,937,1,5],"f":[0.258948545861298,0.373322147651007,0.0813758389261745,0,0.00251677852348993,0.0201342281879195,0.262024608501119,0.000279642058165548,0.00139821029082774]},"ON_DEV":{"old_value":["ON_DEV","ON_DEV","ON_DEV","0","0","ON_DEV","ON_DEV","0","0"],"new_value":["ASSIGNED","CLOSED","MODIFIED","NEW","ON_DEV","ON_QA","POST","RELEASE_PENDING","VERIFIED"],"issue":[3,2,18,0,0,11,9,0,0],"f":[0.0697674418604651,0.0465116279069767,0.418604651162791,0,0,0.255813953488372,0.209302325581395,0,0]},"ON_QA":{"old_value":["ON_QA","ON_QA","ON_QA","ON_QA","ON_QA","0","ON_QA","0","ON_QA"],"new_value":["ASSIGNED","CLOSED","MODIFIED","NEW","ON_DEV","ON_QA","POST","RELEASE_PENDING","VERIFIED"],"issue":[54,742,81,6,1,0,12,0,378],"f":[0.0423861852433281,0.582417582417582,0.0635792778649922,0.00470957613814757,0.000784929356357928,0,0.00941915227629513,0,0.296703296703297]},"POST":{"old_value":["POST","POST","POST","POST","POST","POST","0","0","POST"],"new_value":["ASSIGNED","CLOSED","MODIFIED","NEW","ON_DEV","ON_QA","POST","RELEASE_PENDING","VERIFIED"],"issue":[32,156,1256,20,12,58,0,0,11],"f":[0.0207119741100324,0.100970873786408,0.81294498381877,0.0129449838187702,0.00776699029126214,0.0375404530744337,0,0,0.00711974110032363]},"RELEASE_PENDING":{"old_value":["0","0","RELEASE_PENDING","0","0","0","0","0","0"],"new_value":["ASSIGNED","CLOSED","MODIFIED","NEW","ON_DEV","ON_QA","POST","RELEASE_PENDING","VERIFIED"],"issue":[0,0,1,0,0,0,0,0,0],"f":[0,0,1,0,0,0,0,0,0]},"VERIFIED":{"old_value":["VERIFIED","VERIFIED","VERIFIED","VERIFIED","0","VERIFIED","VERIFIED","0","0"],"new_value":["ASSIGNED","CLOSED","MODIFIED","NEW","ON_DEV","ON_QA","POST","RELEASE_PENDING","VERIFIED"],"issue":[4,372,1,1,0,9,1,0,0],"f":[0.0103092783505155,0.958762886597938,0.00257731958762887,0.00257731958762887,0,0.0231958762886598,0.00257731958762887,0,0]}}