{"ASSIGNED":{"old_value":["0","ASSIGNED","ASSIGNED","ASSIGNED","ASSIGNED","ASSIGNED","ASSIGNED","0","ASSIGNED"],"new_value":["ASSIGNED","CLOSED","MODIFIED","NEW","ON_DEV","ON_QA","POST","RELEASE_PENDING","VERIFIED"],"issue":[0,186,301,70,20,41,455,0,5],"f":[0,0.172541743970315,0.279220779220779,0.0649350649350649,0.0185528756957328,0.0380333951762523,0.422077922077922,0,0.00463821892393321]},"CLOSED":{"old_value":["CLOSED","0","CLOSED","CLOSED","0","CLOSED","CLOSED","0","0"],"new_value":["ASSIGNED","CLOSED","MODIFIED","NEW","ON_DEV","ON_QA","POST","RELEASE_PENDING","VERIFIED"],"issue":[106,0,3,24,0,7,1,0,0],"f":[0.75177304964539,0,0.0212765957446809,0.170212765957447,0,0.049645390070922,0.00709219858156028,0,0]},"MODIFIED":{"old_value":["MODIFIED","MODIFIED","0","MODIFIED","MODIFIED","MODIFIED","MODIFIED","0","MODIFIED"],"new_value":["ASSIGNED","CLOSED","MODIFIED","NEW","ON_DEV","ON_QA","POST","RELEASE_PENDING","VERIFIED"],"issue":[19,361,0,3,1,1115,219,0,37],"f":[0.0108262108262108,0.205698005698006,0,0.00170940170940171,0.00056980056980057,0.635327635327635,0.124786324786325,0,0.0210826210826211]},"NEW":{"old_value":["NEW","NEW","NEW","0","NEW","NEW","NEW","NEW","NEW"],"new_value":["ASSIGNED","CLOSED","MODIFIED","NEW","ON_DEV","ON_QA","POST","RELEASE_PENDING","VERIFIED"],"issue":[882,1215,243,0,9,61,829,1,5],"f":[0.271802773497689,0.37442218798151,0.074884437596302,0,0.00277349768875193,0.0187981510015408,0.255469953775039,0.000308166409861325,0.00154083204930663]},"ON_DEV":{"old_value":["ON_DEV","ON_DEV","ON_DEV","0","0","ON_DEV","ON_DEV","0","0"],"new_value":["ASSIGNED","CLOSED","MODIFIED","NEW","ON_DEV","ON_QA","POST","RELEASE_PENDING","VERIFIED"],"issue":[3,2,18,0,0,11,9,0,0],"f":[0.0697674418604651,0.0465116279069767,0.418604651162791,0,0,0.255813953488372,0.209302325581395,0,0]},"ON_QA":{"old_value":["ON_QA","ON_QA","ON_QA","ON_QA","ON_QA","0","ON_QA","0","ON_QA"],"new_value":["ASSIGNED","CLOSED","MODIFIED","NEW","ON_DEV","ON_QA","POST","RELEASE_PENDING","VERIFIED"],"issue":[47,741,77,4,1,0,10,0,333],"f":[0.0387469084913438,0.610882110469909,0.0634789777411377,0.00329760923330585,0.000824402308326463,0,0.00824402308326463,0,0.274525968672712]},"POST":{"old_value":["POST","POST","POST","POST","POST","POST","0","0","POST"],"new_value":["ASSIGNED","CLOSED","MODIFIED","NEW","ON_DEV","ON_QA","POST","RELEASE_PENDING","VERIFIED"],"issue":[26,153,1106,20,12,50,0,0,11],"f":[0.0188679245283019,0.111030478955007,0.802612481857765,0.0145137880986938,0.00870827285921625,0.0362844702467344,0,0,0.00798258345428157]},"RELEASE_PENDING":{"old_value":["0","0","RELEASE_PENDING","0","0","0","0","0","0"],"new_value":["ASSIGNED","CLOSED","MODIFIED","NEW","ON_DEV","ON_QA","POST","RELEASE_PENDING","VERIFIED"],"issue":[0,0,1,0,0,0,0,0,0],"f":[0,0,1,0,0,0,0,0,0]},"VERIFIED":{"old_value":["VERIFIED","VERIFIED","VERIFIED","VERIFIED","0","VERIFIED","VERIFIED","0","0"],"new_value":["ASSIGNED","CLOSED","MODIFIED","NEW","ON_DEV","ON_QA","POST","RELEASE_PENDING","VERIFIED"],"issue":[4,372,1,1,0,7,1,0,0],"f":[0.0103626943005181,0.963730569948187,0.00259067357512953,0.00259067357512953,0,0.0181347150259067,0.00259067357512953,0,0]}}