{"ASSIGNED":{"old_value":["0","ASSIGNED","ASSIGNED","ASSIGNED","ASSIGNED","ASSIGNED","ASSIGNED","0","ASSIGNED"],"new_value":["ASSIGNED","CLOSED","MODIFIED","NEW","ON_DEV","ON_QA","POST","RELEASE_PENDING","VERIFIED"],"issue":[0,163,288,65,20,31,385,0,4],"f":[0,0.170502092050209,0.301255230125523,0.0679916317991632,0.0209205020920502,0.0324267782426778,0.402719665271967,0,0.00418410041841004]},"CLOSED":{"old_value":["CLOSED","0","CLOSED","CLOSED","0","CLOSED","0","0","0"],"new_value":["ASSIGNED","CLOSED","MODIFIED","NEW","ON_DEV","ON_QA","POST","RELEASE_PENDING","VERIFIED"],"issue":[98,0,2,19,0,5,0,0,0],"f":[0.790322580645161,0,0.0161290322580645,0.153225806451613,0,0.0403225806451613,0,0,0]},"MODIFIED":{"old_value":["MODIFIED","MODIFIED","0","MODIFIED","MODIFIED","MODIFIED","MODIFIED","0","MODIFIED"],"new_value":["ASSIGNED","CLOSED","MODIFIED","NEW","ON_DEV","ON_QA","POST","RELEASE_PENDING","VERIFIED"],"issue":[16,199,0,2,1,1004,164,0,34],"f":[0.0112676056338028,0.140140845070423,0,0.00140845070422535,0.000704225352112676,0.707042253521127,0.115492957746479,0,0.023943661971831]},"NEW":{"old_value":["NEW","NEW","NEW","0","NEW","NEW","NEW","NEW","NEW"],"new_value":["ASSIGNED","CLOSED","MODIFIED","NEW","ON_DEV","ON_QA","POST","RELEASE_PENDING","VERIFIED"],"issue":[808,1090,210,0,9,53,644,1,4],"f":[0.286626463284853,0.386661936857041,0.0744945015963108,0,0.00319262149698475,0.0188009932600213,0.228449804895353,0.000354735721887194,0.00141894288754878]},"ON_DEV":{"old_value":["ON_DEV","ON_DEV","ON_DEV","0","0","ON_DEV","ON_DEV","0","0"],"new_value":["ASSIGNED","CLOSED","MODIFIED","NEW","ON_DEV","ON_QA","POST","RELEASE_PENDING","VERIFIED"],"issue":[3,2,18,0,0,11,9,0,0],"f":[0.0697674418604651,0.0465116279069767,0.418604651162791,0,0,0.255813953488372,0.209302325581395,0,0]},"ON_QA":{"old_value":["ON_QA","ON_QA","ON_QA","ON_QA","ON_QA","0","ON_QA","0","ON_QA"],"new_value":["ASSIGNED","CLOSED","MODIFIED","NEW","ON_DEV","ON_QA","POST","RELEASE_PENDING","VERIFIED"],"issue":[39,655,75,3,1,0,8,0,261],"f":[0.0374280230326296,0.628598848368522,0.0719769673704415,0.00287907869481766,0.000959692898272553,0,0.00767754318618042,0,0.250479846449136]},"POST":{"old_value":["POST","POST","POST","POST","POST","POST","0","0","POST"],"new_value":["ASSIGNED","CLOSED","MODIFIED","NEW","ON_DEV","ON_QA","POST","RELEASE_PENDING","VERIFIED"],"issue":[19,104,851,14,12,43,0,0,11],"f":[0.0180265654648956,0.0986717267552182,0.807400379506641,0.0132827324478178,0.0113851992409867,0.0407969639468691,0,0,0.0104364326375712]},"RELEASE_PENDING":{"old_value":["0","0","RELEASE_PENDING","0","0","0","0","0","0"],"new_value":["ASSIGNED","CLOSED","MODIFIED","NEW","ON_DEV","ON_QA","POST","RELEASE_PENDING","VERIFIED"],"issue":[0,0,1,0,0,0,0,0,0],"f":[0,0,1,0,0,0,0,0,0]},"VERIFIED":{"old_value":["VERIFIED","VERIFIED","VERIFIED","VERIFIED","0","VERIFIED","VERIFIED","0","0"],"new_value":["ASSIGNED","CLOSED","MODIFIED","NEW","ON_DEV","ON_QA","POST","RELEASE_PENDING","VERIFIED"],"issue":[3,93,1,1,0,5,1,0,0],"f":[0.0288461538461538,0.894230769230769,0.00961538461538462,0.00961538461538462,0,0.0480769230769231,0.00961538461538462,0,0]}}