{"ASSIGNED":{"old_value":["0","ASSIGNED","ASSIGNED","ASSIGNED","ASSIGNED","ASSIGNED","ASSIGNED","0","ASSIGNED"],"new_value":["ASSIGNED","CLOSED","MODIFIED","NEW","ON_DEV","ON_QA","POST","RELEASE_PENDING","VERIFIED"],"issue":[0,225,337,82,20,64,627,0,7],"f":[0,0.165198237885463,0.247430249632893,0.0602055800293686,0.0146842878120411,0.0469897209985316,0.460352422907489,0,0.00513950073421439]},"CLOSED":{"old_value":["CLOSED","0","CLOSED","CLOSED","0","CLOSED","CLOSED","0","0"],"new_value":["ASSIGNED","CLOSED","MODIFIED","NEW","ON_DEV","ON_QA","POST","RELEASE_PENDING","VERIFIED"],"issue":[124,0,6,48,0,9,2,0,0],"f":[0.656084656084656,0,0.0317460317460317,0.253968253968254,0,0.0476190476190476,0.0105820105820106,0,0]},"MODIFIED":{"old_value":["MODIFIED","MODIFIED","0","MODIFIED","MODIFIED","MODIFIED","MODIFIED","0","MODIFIED"],"new_value":["ASSIGNED","CLOSED","MODIFIED","NEW","ON_DEV","ON_QA","POST","RELEASE_PENDING","VERIFIED"],"issue":[29,513,0,6,1,1705,310,0,46],"f":[0.0111111111111111,0.196551724137931,0,0.00229885057471264,0.000383141762452107,0.653256704980843,0.118773946360153,0,0.0176245210727969]},"NEW":{"old_value":["NEW","NEW","NEW","0","NEW","NEW","NEW","NEW","NEW"],"new_value":["ASSIGNED","CLOSED","MODIFIED","NEW","ON_DEV","ON_QA","POST","RELEASE_PENDING","VERIFIED"],"issue":[1056,1628,357,0,9,100,1340,1,6],"f":[0.234823215476985,0.362019123860351,0.0793862575050033,0,0.00200133422281521,0.022237046920169,0.297976428730265,0.00022237046920169,0.00133422281521014]},"ON_DEV":{"old_value":["ON_DEV","ON_DEV","ON_DEV","0","0","ON_DEV","ON_DEV","0","0"],"new_value":["ASSIGNED","CLOSED","MODIFIED","NEW","ON_DEV","ON_QA","POST","RELEASE_PENDING","VERIFIED"],"issue":[3,2,18,0,0,11,9,0,0],"f":[0.0697674418604651,0.0465116279069767,0.418604651162791,0,0,0.255813953488372,0.209302325581395,0,0]},"ON_QA":{"old_value":["ON_QA","ON_QA","ON_QA","ON_QA","ON_QA","0","ON_QA","0","ON_QA"],"new_value":["ASSIGNED","CLOSED","MODIFIED","NEW","ON_DEV","ON_QA","POST","RELEASE_PENDING","VERIFIED"],"issue":[86,917,95,10,1,0,18,0,839],"f":[0.0437436419125127,0.466429298067141,0.0483214649033571,0.00508646998982706,0.000508646998982706,0,0.00915564598168871,0,0.42675483214649]},"POST":{"old_value":["POST","POST","POST","POST","POST","POST","0","0","POST"],"new_value":["ASSIGNED","CLOSED","MODIFIED","NEW","ON_DEV","ON_QA","POST","RELEASE_PENDING","VERIFIED"],"issue":[43,169,1801,29,12,70,0,0,13],"f":[0.0201216658867571,0.0790828263921385,0.842770238652316,0.0135704258306037,0.00561534861956013,0.0327562002807674,0,0,0.00608329433785681]},"RELEASE_PENDING":{"old_value":["0","0","RELEASE_PENDING","0","0","0","0","0","0"],"new_value":["ASSIGNED","CLOSED","MODIFIED","NEW","ON_DEV","ON_QA","POST","RELEASE_PENDING","VERIFIED"],"issue":[0,0,1,0,0,0,0,0,0],"f":[0,0,1,0,0,0,0,0,0]},"VERIFIED":{"old_value":["VERIFIED","VERIFIED","VERIFIED","VERIFIED","0","VERIFIED","VERIFIED","0","0"],"new_value":["ASSIGNED","CLOSED","MODIFIED","NEW","ON_DEV","ON_QA","POST","RELEASE_PENDING","VERIFIED"],"issue":[9,869,2,2,0,16,1,0,0],"f":[0.0100111234705228,0.966629588431591,0.00222469410456062,0.00222469410456062,0,0.017797552836485,0.00111234705228031,0,0]}}