{"ASSIGNED":{"old_value":["0","ASSIGNED","ASSIGNED","ASSIGNED","ASSIGNED","ASSIGNED","ASSIGNED","0","ASSIGNED"],"new_value":["ASSIGNED","CLOSED","MODIFIED","NEW","ON_DEV","ON_QA","POST","RELEASE_PENDING","VERIFIED"],"issue":[0,216,333,82,20,60,586,0,7],"f":[0,0.165644171779141,0.255368098159509,0.0628834355828221,0.0153374233128834,0.0460122699386503,0.449386503067485,0,0.0053680981595092]},"CLOSED":{"old_value":["CLOSED","0","CLOSED","CLOSED","0","CLOSED","CLOSED","0","0"],"new_value":["ASSIGNED","CLOSED","MODIFIED","NEW","ON_DEV","ON_QA","POST","RELEASE_PENDING","VERIFIED"],"issue":[121,0,5,46,0,9,2,0,0],"f":[0.66120218579235,0,0.0273224043715847,0.251366120218579,0,0.0491803278688525,0.0109289617486339,0,0]},"MODIFIED":{"old_value":["MODIFIED","MODIFIED","0","MODIFIED","MODIFIED","MODIFIED","MODIFIED","0","MODIFIED"],"new_value":["ASSIGNED","CLOSED","MODIFIED","NEW","ON_DEV","ON_QA","POST","RELEASE_PENDING","VERIFIED"],"issue":[28,378,0,6,1,1657,298,0,44],"f":[0.0116086235489221,0.156716417910448,0,0.00248756218905473,0.000414593698175788,0.68698175787728,0.123548922056385,0,0.0182421227197347]},"NEW":{"old_value":["NEW","NEW","NEW","0","NEW","NEW","NEW","NEW","NEW"],"new_value":["ASSIGNED","CLOSED","MODIFIED","NEW","ON_DEV","ON_QA","POST","RELEASE_PENDING","VERIFIED"],"issue":[1021,1569,348,0,9,93,1250,1,6],"f":[0.237607633232488,0.365138468699092,0.0809867349313474,0,0.00209448452408657,0.0216430067488946,0.290900628345357,0.000232720502676286,0.00139632301605771]},"ON_DEV":{"old_value":["ON_DEV","ON_DEV","ON_DEV","0","0","ON_DEV","ON_DEV","0","0"],"new_value":["ASSIGNED","CLOSED","MODIFIED","NEW","ON_DEV","ON_QA","POST","RELEASE_PENDING","VERIFIED"],"issue":[3,2,18,0,0,11,9,0,0],"f":[0.0697674418604651,0.0465116279069767,0.418604651162791,0,0,0.255813953488372,0.209302325581395,0,0]},"ON_QA":{"old_value":["ON_QA","ON_QA","ON_QA","ON_QA","ON_QA","0","ON_QA","0","ON_QA"],"new_value":["ASSIGNED","CLOSED","MODIFIED","NEW","ON_DEV","ON_QA","POST","RELEASE_PENDING","VERIFIED"],"issue":[81,790,95,9,1,0,17,0,769],"f":[0.0459704880817253,0.448354143019296,0.0539160045402951,0.00510783200908059,0.000567536889897843,0,0.00964812712826334,0,0.436435868331442]},"POST":{"old_value":["POST","POST","POST","POST","POST","POST","0","0","POST"],"new_value":["ASSIGNED","CLOSED","MODIFIED","NEW","ON_DEV","ON_QA","POST","RELEASE_PENDING","VERIFIED"],"issue":[41,162,1695,28,12,68,0,0,11],"f":[0.0203272186415469,0.0803173029251363,0.840356965790778,0.0138820029747149,0.0059494298463064,0.0337134357957362,0,0,0.00545364402578086]},"RELEASE_PENDING":{"old_value":["0","0","RELEASE_PENDING","0","0","0","0","0","0"],"new_value":["ASSIGNED","CLOSED","MODIFIED","NEW","ON_DEV","ON_QA","POST","RELEASE_PENDING","VERIFIED"],"issue":[0,0,1,0,0,0,0,0,0],"f":[0,0,1,0,0,0,0,0,0]},"VERIFIED":{"old_value":["VERIFIED","VERIFIED","VERIFIED","VERIFIED","0","VERIFIED","VERIFIED","0","0"],"new_value":["ASSIGNED","CLOSED","MODIFIED","NEW","ON_DEV","ON_QA","POST","RELEASE_PENDING","VERIFIED"],"issue":[8,381,2,2,0,14,1,0,0],"f":[0.0196078431372549,0.933823529411765,0.00490196078431373,0.00490196078431373,0,0.0343137254901961,0.00245098039215686,0,0]}}