{"data":{"years":[2008,2009,2010,2011,2012,2013,2014],"X0.99":[190072.77,1963972.5,2018590.08,1366926,977436.740000001,713373.05,253537.03],"X0.95":[182419.85,1647585.5,1842541.35,988997.25,760697.900000001,558538.5,155632.7],"X0.5":[96324.5,1233724,1339465,527501.5,284674,171601,51576],"X0.25":[48493.75,402466.5,1148705.75,376235.5,111297.5,57771.75,8660]},"labels":[0.99,0.95,0.5,0.25]}