{"ASSIGNED":{"old_value":["0","ASSIGNED","ASSIGNED","ASSIGNED","ASSIGNED","ASSIGNED","ASSIGNED","0","ASSIGNED"],"new_value":["ASSIGNED","CLOSED","MODIFIED","NEW","ON_DEV","ON_QA","POST","RELEASE_PENDING","VERIFIED"],"issue":[0,186,299,70,20,41,451,0,5],"f":[0,0.173507462686567,0.278917910447761,0.0652985074626866,0.0186567164179104,0.0382462686567164,0.420708955223881,0,0.00466417910447761]},"CLOSED":{"old_value":["CLOSED","0","CLOSED","CLOSED","0","CLOSED","CLOSED","0","0"],"new_value":["ASSIGNED","CLOSED","MODIFIED","NEW","ON_DEV","ON_QA","POST","RELEASE_PENDING","VERIFIED"],"issue":[106,0,3,24,0,7,1,0,0],"f":[0.75177304964539,0,0.0212765957446809,0.170212765957447,0,0.049645390070922,0.00709219858156028,0,0]},"MODIFIED":{"old_value":["MODIFIED","MODIFIED","0","MODIFIED","MODIFIED","MODIFIED","MODIFIED","0","MODIFIED"],"new_value":["ASSIGNED","CLOSED","MODIFIED","NEW","ON_DEV","ON_QA","POST","RELEASE_PENDING","VERIFIED"],"issue":[18,351,0,3,1,1115,217,0,37],"f":[0.0103329506314581,0.201492537313433,0,0.00172215843857635,0.000574052812858783,0.640068886337543,0.124569460390356,0,0.021239954075775]},"NEW":{"old_value":["NEW","NEW","NEW","0","NEW","NEW","NEW","NEW","NEW"],"new_value":["ASSIGNED","CLOSED","MODIFIED","NEW","ON_DEV","ON_QA","POST","RELEASE_PENDING","VERIFIED"],"issue":[877,1207,240,0,9,58,814,1,5],"f":[0.273123637496107,0.375895359701028,0.0747430706944877,0,0.00280286515104329,0.0180629087511679,0.253503581438804,0.000311429461227032,0.00155714730613516]},"ON_DEV":{"old_value":["ON_DEV","ON_DEV","ON_DEV","0","0","ON_DEV","ON_DEV","0","0"],"new_value":["ASSIGNED","CLOSED","MODIFIED","NEW","ON_DEV","ON_QA","POST","RELEASE_PENDING","VERIFIED"],"issue":[3,2,18,0,0,11,9,0,0],"f":[0.0697674418604651,0.0465116279069767,0.418604651162791,0,0,0.255813953488372,0.209302325581395,0,0]},"ON_QA":{"old_value":["ON_QA","ON_QA","ON_QA","ON_QA","ON_QA","0","ON_QA","0","ON_QA"],"new_value":["ASSIGNED","CLOSED","MODIFIED","NEW","ON_DEV","ON_QA","POST","RELEASE_PENDING","VERIFIED"],"issue":[46,732,77,4,1,0,9,0,333],"f":[0.0382695507487521,0.608985024958403,0.0640599001663893,0.00332778702163062,0.000831946755407654,0,0.00748752079866889,0,0.277038269550749]},"POST":{"old_value":["POST","POST","POST","POST","POST","POST","0","0","POST"],"new_value":["ASSIGNED","CLOSED","MODIFIED","NEW","ON_DEV","ON_QA","POST","RELEASE_PENDING","VERIFIED"],"issue":[25,153,1088,19,12,47,0,0,11],"f":[0.018450184501845,0.112915129151292,0.802952029520295,0.0140221402214022,0.00885608856088561,0.0346863468634686,0,0,0.00811808118081181]},"RELEASE_PENDING":{"old_value":["0","0","RELEASE_PENDING","0","0","0","0","0","0"],"new_value":["ASSIGNED","CLOSED","MODIFIED","NEW","ON_DEV","ON_QA","POST","RELEASE_PENDING","VERIFIED"],"issue":[0,0,1,0,0,0,0,0,0],"f":[0,0,1,0,0,0,0,0,0]},"VERIFIED":{"old_value":["VERIFIED","VERIFIED","VERIFIED","VERIFIED","0","VERIFIED","VERIFIED","0","0"],"new_value":["ASSIGNED","CLOSED","MODIFIED","NEW","ON_DEV","ON_QA","POST","RELEASE_PENDING","VERIFIED"],"issue":[4,370,1,1,0,7,1,0,0],"f":[0.0104166666666667,0.963541666666667,0.00260416666666667,0.00260416666666667,0,0.0182291666666667,0.00260416666666667,0,0]}}