{"ASSIGNED":{"old_value":["0","ASSIGNED","ASSIGNED","ASSIGNED","ASSIGNED","ASSIGNED","ASSIGNED","0","ASSIGNED"],"new_value":["ASSIGNED","CLOSED","MODIFIED","NEW","ON_DEV","ON_QA","POST","RELEASE_PENDING","VERIFIED"],"issue":[0,219,334,82,20,61,599,0,7],"f":[0,0.165658093797277,0.252647503782148,0.0620272314674735,0.0151285930408472,0.046142208774584,0.453101361573374,0,0.00529500756429652]},"CLOSED":{"old_value":["CLOSED","0","CLOSED","CLOSED","0","CLOSED","CLOSED","0","0"],"new_value":["ASSIGNED","CLOSED","MODIFIED","NEW","ON_DEV","ON_QA","POST","RELEASE_PENDING","VERIFIED"],"issue":[122,0,5,46,0,9,2,0,0],"f":[0.66304347826087,0,0.0271739130434783,0.25,0,0.0489130434782609,0.0108695652173913,0,0]},"MODIFIED":{"old_value":["MODIFIED","MODIFIED","0","MODIFIED","MODIFIED","MODIFIED","MODIFIED","0","MODIFIED"],"new_value":["ASSIGNED","CLOSED","MODIFIED","NEW","ON_DEV","ON_QA","POST","RELEASE_PENDING","VERIFIED"],"issue":[28,378,0,6,1,1676,302,0,44],"f":[0.0114989733059548,0.15523613963039,0,0.00246406570841889,0.000410677618069815,0.68829568788501,0.124024640657084,0,0.0180698151950719]},"NEW":{"old_value":["NEW","NEW","NEW","0","NEW","NEW","NEW","NEW","NEW"],"new_value":["ASSIGNED","CLOSED","MODIFIED","NEW","ON_DEV","ON_QA","POST","RELEASE_PENDING","VERIFIED"],"issue":[1027,1574,351,0,9,95,1262,1,6],"f":[0.237456647398844,0.36393063583815,0.0811560693641619,0,0.00208092485549133,0.0219653179190751,0.291791907514451,0.00023121387283237,0.00138728323699422]},"ON_DEV":{"old_value":["ON_DEV","ON_DEV","ON_DEV","0","0","ON_DEV","ON_DEV","0","0"],"new_value":["ASSIGNED","CLOSED","MODIFIED","NEW","ON_DEV","ON_QA","POST","RELEASE_PENDING","VERIFIED"],"issue":[3,2,18,0,0,11,9,0,0],"f":[0.0697674418604651,0.0465116279069767,0.418604651162791,0,0,0.255813953488372,0.209302325581395,0,0]},"ON_QA":{"old_value":["ON_QA","ON_QA","ON_QA","ON_QA","ON_QA","0","ON_QA","0","ON_QA"],"new_value":["ASSIGNED","CLOSED","MODIFIED","NEW","ON_DEV","ON_QA","POST","RELEASE_PENDING","VERIFIED"],"issue":[83,791,95,9,1,0,18,0,787],"f":[0.04652466367713,0.443385650224215,0.0532511210762332,0.00504484304932735,0.000560538116591928,0,0.0100896860986547,0,0.441143497757848]},"POST":{"old_value":["POST","POST","POST","POST","POST","POST","0","0","POST"],"new_value":["ASSIGNED","CLOSED","MODIFIED","NEW","ON_DEV","ON_QA","POST","RELEASE_PENDING","VERIFIED"],"issue":[42,165,1722,29,12,69,0,0,11],"f":[0.0204878048780488,0.0804878048780488,0.84,0.0141463414634146,0.00585365853658537,0.0336585365853659,0,0,0.00536585365853659]},"RELEASE_PENDING":{"old_value":["0","0","RELEASE_PENDING","0","0","0","0","0","0"],"new_value":["ASSIGNED","CLOSED","MODIFIED","NEW","ON_DEV","ON_QA","POST","RELEASE_PENDING","VERIFIED"],"issue":[0,0,1,0,0,0,0,0,0],"f":[0,0,1,0,0,0,0,0,0]},"VERIFIED":{"old_value":["VERIFIED","VERIFIED","VERIFIED","VERIFIED","0","VERIFIED","VERIFIED","0","0"],"new_value":["ASSIGNED","CLOSED","MODIFIED","NEW","ON_DEV","ON_QA","POST","RELEASE_PENDING","VERIFIED"],"issue":[8,381,2,2,0,14,1,0,0],"f":[0.0196078431372549,0.933823529411765,0.00490196078431373,0.00490196078431373,0,0.0343137254901961,0.00245098039215686,0,0]}}