{"ASSIGNED":{"old_value":["0","ASSIGNED","ASSIGNED","ASSIGNED","ASSIGNED","ASSIGNED","ASSIGNED","0","ASSIGNED"],"new_value":["ASSIGNED","CLOSED","MODIFIED","NEW","ON_DEV","ON_QA","POST","RELEASE_PENDING","VERIFIED"],"issue":[0,194,321,71,20,46,499,0,5],"f":[0,0.167820069204152,0.277681660899654,0.0614186851211073,0.0173010380622837,0.0397923875432526,0.431660899653979,0,0.00432525951557093]},"CLOSED":{"old_value":["CLOSED","0","CLOSED","CLOSED","0","CLOSED","CLOSED","0","0"],"new_value":["ASSIGNED","CLOSED","MODIFIED","NEW","ON_DEV","ON_QA","POST","RELEASE_PENDING","VERIFIED"],"issue":[110,0,5,38,0,8,2,0,0],"f":[0.674846625766871,0,0.0306748466257669,0.233128834355828,0,0.049079754601227,0.0122699386503067,0,0]},"MODIFIED":{"old_value":["MODIFIED","MODIFIED","0","MODIFIED","MODIFIED","MODIFIED","MODIFIED","0","MODIFIED"],"new_value":["ASSIGNED","CLOSED","MODIFIED","NEW","ON_DEV","ON_QA","POST","RELEASE_PENDING","VERIFIED"],"issue":[25,373,0,5,1,1316,258,0,38],"f":[0.0124007936507937,0.185019841269841,0,0.00248015873015873,0.000496031746031746,0.652777777777778,0.12797619047619,0,0.0188492063492063]},"NEW":{"old_value":["NEW","NEW","NEW","0","NEW","NEW","NEW","NEW","NEW"],"new_value":["ASSIGNED","CLOSED","MODIFIED","NEW","ON_DEV","ON_QA","POST","RELEASE_PENDING","VERIFIED"],"issue":[935,1354,297,0,9,74,972,1,5],"f":[0.256375102824239,0.37126405264601,0.0814367973676995,0,0.00246778173841514,0.0202906498491911,0.266520427748835,0.000274197970935015,0.00137098985467508]},"ON_DEV":{"old_value":["ON_DEV","ON_DEV","ON_DEV","0","0","ON_DEV","ON_DEV","0","0"],"new_value":["ASSIGNED","CLOSED","MODIFIED","NEW","ON_DEV","ON_QA","POST","RELEASE_PENDING","VERIFIED"],"issue":[3,2,18,0,0,11,9,0,0],"f":[0.0697674418604651,0.0465116279069767,0.418604651162791,0,0,0.255813953488372,0.209302325581395,0,0]},"ON_QA":{"old_value":["ON_QA","ON_QA","ON_QA","ON_QA","ON_QA","0","ON_QA","0","ON_QA"],"new_value":["ASSIGNED","CLOSED","MODIFIED","NEW","ON_DEV","ON_QA","POST","RELEASE_PENDING","VERIFIED"],"issue":[54,745,82,6,1,0,12,0,393],"f":[0.0417633410672854,0.576179427687548,0.0634184068058778,0.00464037122969838,0.000773395204949729,0,0.00928074245939675,0,0.303944315545244]},"POST":{"old_value":["POST","POST","POST","POST","POST","POST","0","0","POST"],"new_value":["ASSIGNED","CLOSED","MODIFIED","NEW","ON_DEV","ON_QA","POST","RELEASE_PENDING","VERIFIED"],"issue":[34,157,1301,21,12,61,0,0,11],"f":[0.0212899185973701,0.0983093299937383,0.814652473387602,0.013149655604258,0.00751408891671885,0.0381966186599875,0,0,0.00688791484032561]},"RELEASE_PENDING":{"old_value":["0","0","RELEASE_PENDING","0","0","0","0","0","0"],"new_value":["ASSIGNED","CLOSED","MODIFIED","NEW","ON_DEV","ON_QA","POST","RELEASE_PENDING","VERIFIED"],"issue":[0,0,1,0,0,0,0,0,0],"f":[0,0,1,0,0,0,0,0,0]},"VERIFIED":{"old_value":["VERIFIED","VERIFIED","VERIFIED","VERIFIED","0","VERIFIED","VERIFIED","0","0"],"new_value":["ASSIGNED","CLOSED","MODIFIED","NEW","ON_DEV","ON_QA","POST","RELEASE_PENDING","VERIFIED"],"issue":[4,375,1,1,0,9,1,0,0],"f":[0.010230179028133,0.959079283887468,0.00255754475703325,0.00255754475703325,0,0.0230179028132992,0.00255754475703325,0,0]}}