{"ASSIGNED":{"old_value":["0","ASSIGNED","ASSIGNED","ASSIGNED","ASSIGNED","ASSIGNED","ASSIGNED","0","ASSIGNED"],"new_value":["ASSIGNED","CLOSED","MODIFIED","NEW","ON_DEV","ON_QA","POST","RELEASE_PENDING","VERIFIED"],"issue":[0,185,299,70,20,39,440,0,5],"f":[0,0.174858223062382,0.282608695652174,0.0661625708884688,0.0189035916824197,0.0368620037807183,0.415879017013232,0,0.00472589792060491]},"CLOSED":{"old_value":["CLOSED","0","CLOSED","CLOSED","0","CLOSED","0","0","0"],"new_value":["ASSIGNED","CLOSED","MODIFIED","NEW","ON_DEV","ON_QA","POST","RELEASE_PENDING","VERIFIED"],"issue":[103,0,3,24,0,7,0,0,0],"f":[0.751824817518248,0,0.0218978102189781,0.175182481751825,0,0.0510948905109489,0,0,0]},"MODIFIED":{"old_value":["MODIFIED","MODIFIED","0","MODIFIED","MODIFIED","MODIFIED","MODIFIED","0","MODIFIED"],"new_value":["ASSIGNED","CLOSED","MODIFIED","NEW","ON_DEV","ON_QA","POST","RELEASE_PENDING","VERIFIED"],"issue":[18,351,0,3,1,1089,216,0,36],"f":[0.0105017502917153,0.204784130688448,0,0.00175029171528588,0.00058343057176196,0.635355892648775,0.126021003500583,0,0.0210035005834306]},"NEW":{"old_value":["NEW","NEW","NEW","0","NEW","NEW","NEW","NEW","NEW"],"new_value":["ASSIGNED","CLOSED","MODIFIED","NEW","ON_DEV","ON_QA","POST","RELEASE_PENDING","VERIFIED"],"issue":[866,1187,234,0,9,58,784,1,5],"f":[0.275445292620865,0.377544529262087,0.0744274809160305,0,0.00286259541984733,0.0184478371501272,0.249363867684478,0.000318066157760814,0.00159033078880407]},"ON_DEV":{"old_value":["ON_DEV","ON_DEV","ON_DEV","0","0","ON_DEV","ON_DEV","0","0"],"new_value":["ASSIGNED","CLOSED","MODIFIED","NEW","ON_DEV","ON_QA","POST","RELEASE_PENDING","VERIFIED"],"issue":[3,2,18,0,0,11,9,0,0],"f":[0.0697674418604651,0.0465116279069767,0.418604651162791,0,0,0.255813953488372,0.209302325581395,0,0]},"ON_QA":{"old_value":["ON_QA","ON_QA","ON_QA","ON_QA","ON_QA","0","ON_QA","0","ON_QA"],"new_value":["ASSIGNED","CLOSED","MODIFIED","NEW","ON_DEV","ON_QA","POST","RELEASE_PENDING","VERIFIED"],"issue":[46,732,77,4,1,0,9,0,329],"f":[0.0383973288814691,0.6110183639399,0.0642737896494157,0.00333889816360601,0.000834724540901503,0,0.00751252086811352,0,0.274624373956594]},"POST":{"old_value":["POST","POST","POST","POST","POST","POST","0","0","POST"],"new_value":["ASSIGNED","CLOSED","MODIFIED","NEW","ON_DEV","ON_QA","POST","RELEASE_PENDING","VERIFIED"],"issue":[25,153,1059,17,12,47,0,0,11],"f":[0.0188821752265861,0.115558912386707,0.799848942598187,0.0128398791540786,0.00906344410876133,0.0354984894259819,0,0,0.00830815709969789]},"RELEASE_PENDING":{"old_value":["0","0","RELEASE_PENDING","0","0","0","0","0","0"],"new_value":["ASSIGNED","CLOSED","MODIFIED","NEW","ON_DEV","ON_QA","POST","RELEASE_PENDING","VERIFIED"],"issue":[0,0,1,0,0,0,0,0,0],"f":[0,0,1,0,0,0,0,0,0]},"VERIFIED":{"old_value":["VERIFIED","VERIFIED","VERIFIED","VERIFIED","0","VERIFIED","VERIFIED","0","0"],"new_value":["ASSIGNED","CLOSED","MODIFIED","NEW","ON_DEV","ON_QA","POST","RELEASE_PENDING","VERIFIED"],"issue":[4,370,1,1,0,7,1,0,0],"f":[0.0104166666666667,0.963541666666667,0.00260416666666667,0.00260416666666667,0,0.0182291666666667,0.00260416666666667,0,0]}}