{"ASSIGNED":{"old_value":["0","ASSIGNED","ASSIGNED","ASSIGNED","ASSIGNED","ASSIGNED","ASSIGNED","0","ASSIGNED"],"new_value":["ASSIGNED","CLOSED","MODIFIED","NEW","ON_DEV","ON_QA","POST","RELEASE_PENDING","VERIFIED"],"issue":[0,216,333,81,20,60,582,0,7],"f":[0,0.166281755196305,0.25635103926097,0.0623556581986143,0.0153964588144727,0.046189376443418,0.448036951501155,0,0.00538876058506543]},"CLOSED":{"old_value":["CLOSED","0","CLOSED","CLOSED","0","CLOSED","CLOSED","0","0"],"new_value":["ASSIGNED","CLOSED","MODIFIED","NEW","ON_DEV","ON_QA","POST","RELEASE_PENDING","VERIFIED"],"issue":[121,0,5,45,0,9,2,0,0],"f":[0.664835164835165,0,0.0274725274725275,0.247252747252747,0,0.0494505494505494,0.010989010989011,0,0]},"MODIFIED":{"old_value":["MODIFIED","MODIFIED","0","MODIFIED","MODIFIED","MODIFIED","MODIFIED","0","MODIFIED"],"new_value":["ASSIGNED","CLOSED","MODIFIED","NEW","ON_DEV","ON_QA","POST","RELEASE_PENDING","VERIFIED"],"issue":[28,375,0,5,1,1653,296,0,44],"f":[0.0116569525395504,0.156119900083264,0,0.00208159866777685,0.000416319733555371,0.688176519567028,0.12323064113239,0,0.0183180682764363]},"NEW":{"old_value":["NEW","NEW","NEW","0","NEW","NEW","NEW","NEW","NEW"],"new_value":["ASSIGNED","CLOSED","MODIFIED","NEW","ON_DEV","ON_QA","POST","RELEASE_PENDING","VERIFIED"],"issue":[1019,1562,345,0,9,90,1243,1,6],"f":[0.238362573099415,0.365380116959064,0.0807017543859649,0,0.00210526315789474,0.0210526315789474,0.290760233918129,0.000233918128654971,0.00140350877192982]},"ON_DEV":{"old_value":["ON_DEV","ON_DEV","ON_DEV","0","0","ON_DEV","ON_DEV","0","0"],"new_value":["ASSIGNED","CLOSED","MODIFIED","NEW","ON_DEV","ON_QA","POST","RELEASE_PENDING","VERIFIED"],"issue":[3,2,18,0,0,11,9,0,0],"f":[0.0697674418604651,0.0465116279069767,0.418604651162791,0,0,0.255813953488372,0.209302325581395,0,0]},"ON_QA":{"old_value":["ON_QA","ON_QA","ON_QA","ON_QA","ON_QA","0","ON_QA","0","ON_QA"],"new_value":["ASSIGNED","CLOSED","MODIFIED","NEW","ON_DEV","ON_QA","POST","RELEASE_PENDING","VERIFIED"],"issue":[80,778,91,9,1,0,17,0,754],"f":[0.046242774566474,0.44971098265896,0.0526011560693642,0.00520231213872832,0.000578034682080925,0,0.00982658959537572,0,0.435838150289017]},"POST":{"old_value":["POST","POST","POST","POST","POST","POST","0","0","POST"],"new_value":["ASSIGNED","CLOSED","MODIFIED","NEW","ON_DEV","ON_QA","POST","RELEASE_PENDING","VERIFIED"],"issue":[40,162,1687,27,12,68,0,0,11],"f":[0.0199302441454908,0.0807174887892377,0.840558046836074,0.0134529147982063,0.00597907324364723,0.0338814150473343,0,0,0.00548081714000997]},"RELEASE_PENDING":{"old_value":["0","0","RELEASE_PENDING","0","0","0","0","0","0"],"new_value":["ASSIGNED","CLOSED","MODIFIED","NEW","ON_DEV","ON_QA","POST","RELEASE_PENDING","VERIFIED"],"issue":[0,0,1,0,0,0,0,0,0],"f":[0,0,1,0,0,0,0,0,0]},"VERIFIED":{"old_value":["VERIFIED","VERIFIED","VERIFIED","VERIFIED","0","VERIFIED","VERIFIED","0","0"],"new_value":["ASSIGNED","CLOSED","MODIFIED","NEW","ON_DEV","ON_QA","POST","RELEASE_PENDING","VERIFIED"],"issue":[7,375,2,2,0,14,1,0,0],"f":[0.0174563591022444,0.935162094763092,0.00498753117206983,0.00498753117206983,0,0.0349127182044888,0.00249376558603491,0,0]}}