{"ASSIGNED":{"old_value":["0","ASSIGNED","ASSIGNED","ASSIGNED","ASSIGNED","ASSIGNED","ASSIGNED","0","ASSIGNED"],"new_value":["ASSIGNED","CLOSED","MODIFIED","NEW","ON_DEV","ON_QA","POST","RELEASE_PENDING","VERIFIED"],"issue":[0,155,281,61,20,27,324,0,4],"f":[0,0.177752293577982,0.322247706422018,0.069954128440367,0.0229357798165138,0.0309633027522936,0.371559633027523,0,0.00458715596330275]},"CLOSED":{"old_value":["CLOSED","0","CLOSED","CLOSED","0","CLOSED","0","0","0"],"new_value":["ASSIGNED","CLOSED","MODIFIED","NEW","ON_DEV","ON_QA","POST","RELEASE_PENDING","VERIFIED"],"issue":[94,0,2,15,0,4,0,0,0],"f":[0.817391304347826,0,0.0173913043478261,0.130434782608696,0,0.0347826086956522,0,0,0]},"MODIFIED":{"old_value":["MODIFIED","MODIFIED","0","MODIFIED","MODIFIED","MODIFIED","MODIFIED","0","MODIFIED"],"new_value":["ASSIGNED","CLOSED","MODIFIED","NEW","ON_DEV","ON_QA","POST","RELEASE_PENDING","VERIFIED"],"issue":[13,198,0,2,1,884,109,0,33],"f":[0.0104838709677419,0.159677419354839,0,0.00161290322580645,0.000806451612903226,0.712903225806452,0.0879032258064516,0,0.0266129032258065]},"NEW":{"old_value":["NEW","NEW","NEW","0","NEW","NEW","NEW","NEW","NEW"],"new_value":["ASSIGNED","CLOSED","MODIFIED","NEW","ON_DEV","ON_QA","POST","RELEASE_PENDING","VERIFIED"],"issue":[742,1032,200,0,9,50,568,1,4],"f":[0.28472755180353,0.3960092095165,0.0767459708365311,0,0.0034535686876439,0.0191864927091328,0.217958557175748,0.000383729854182655,0.00153491941673062]},"ON_DEV":{"old_value":["ON_DEV","ON_DEV","ON_DEV","0","0","ON_DEV","ON_DEV","0","0"],"new_value":["ASSIGNED","CLOSED","MODIFIED","NEW","ON_DEV","ON_QA","POST","RELEASE_PENDING","VERIFIED"],"issue":[3,2,18,0,0,11,9,0,0],"f":[0.0697674418604651,0.0465116279069767,0.418604651162791,0,0,0.255813953488372,0.209302325581395,0,0]},"ON_QA":{"old_value":["ON_QA","ON_QA","ON_QA","ON_QA","ON_QA","0","ON_QA","0","ON_QA"],"new_value":["ASSIGNED","CLOSED","MODIFIED","NEW","ON_DEV","ON_QA","POST","RELEASE_PENDING","VERIFIED"],"issue":[30,654,37,2,1,0,7,0,145],"f":[0.0342465753424658,0.746575342465753,0.0422374429223744,0.00228310502283105,0.00114155251141553,0,0.00799086757990868,0,0.165525114155251]},"POST":{"old_value":["POST","POST","POST","POST","POST","POST","0","0","POST"],"new_value":["ASSIGNED","CLOSED","MODIFIED","NEW","ON_DEV","ON_QA","POST","RELEASE_PENDING","VERIFIED"],"issue":[15,101,690,10,12,42,0,0,11],"f":[0.0170261066969353,0.114642451759364,0.783200908059024,0.0113507377979569,0.0136208853575482,0.0476730987514188,0,0,0.0124858115777526]},"RELEASE_PENDING":{"old_value":["0","0","RELEASE_PENDING","0","0","0","0","0","0"],"new_value":["ASSIGNED","CLOSED","MODIFIED","NEW","ON_DEV","ON_QA","POST","RELEASE_PENDING","VERIFIED"],"issue":[0,0,1,0,0,0,0,0,0],"f":[0,0,1,0,0,0,0,0,0]},"VERIFIED":{"old_value":["VERIFIED","VERIFIED","VERIFIED","VERIFIED","0","VERIFIED","VERIFIED","0","0"],"new_value":["ASSIGNED","CLOSED","MODIFIED","NEW","ON_DEV","ON_QA","POST","RELEASE_PENDING","VERIFIED"],"issue":[1,93,1,1,0,2,1,0,0],"f":[0.0101010101010101,0.939393939393939,0.0101010101010101,0.0101010101010101,0,0.0202020202020202,0.0101010101010101,0,0]}}