{"ASSIGNED":{"old_value":["0","ASSIGNED","ASSIGNED","ASSIGNED","ASSIGNED","ASSIGNED","ASSIGNED","0","ASSIGNED"],"new_value":["ASSIGNED","CLOSED","MODIFIED","NEW","ON_DEV","ON_QA","POST","RELEASE_PENDING","VERIFIED"],"issue":[0,153,281,61,20,27,322,0,4],"f":[0,0.176267281105991,0.323732718894009,0.0702764976958525,0.0230414746543779,0.0311059907834101,0.370967741935484,0,0.00460829493087558]},"CLOSED":{"old_value":["CLOSED","0","CLOSED","CLOSED","0","CLOSED","0","0","0"],"new_value":["ASSIGNED","CLOSED","MODIFIED","NEW","ON_DEV","ON_QA","POST","RELEASE_PENDING","VERIFIED"],"issue":[94,0,2,14,0,3,0,0,0],"f":[0.831858407079646,0,0.0176991150442478,0.123893805309735,0,0.0265486725663717,0,0,0]},"MODIFIED":{"old_value":["MODIFIED","MODIFIED","0","MODIFIED","MODIFIED","MODIFIED","MODIFIED","0","MODIFIED"],"new_value":["ASSIGNED","CLOSED","MODIFIED","NEW","ON_DEV","ON_QA","POST","RELEASE_PENDING","VERIFIED"],"issue":[13,198,0,2,1,884,108,0,33],"f":[0.0104923325262308,0.159806295399516,0,0.00161420500403551,0.000807102502017756,0.713478611783697,0.0871670702179177,0,0.026634382566586]},"NEW":{"old_value":["NEW","NEW","NEW","0","NEW","NEW","NEW","NEW","NEW"],"new_value":["ASSIGNED","CLOSED","MODIFIED","NEW","ON_DEV","ON_QA","POST","RELEASE_PENDING","VERIFIED"],"issue":[742,1026,200,0,9,49,559,1,4],"f":[0.286486486486487,0.396138996138996,0.0772200772200772,0,0.00347490347490347,0.0189189189189189,0.215830115830116,0.000386100386100386,0.00154440154440154]},"ON_DEV":{"old_value":["ON_DEV","ON_DEV","ON_DEV","0","0","ON_DEV","ON_DEV","0","0"],"new_value":["ASSIGNED","CLOSED","MODIFIED","NEW","ON_DEV","ON_QA","POST","RELEASE_PENDING","VERIFIED"],"issue":[3,2,18,0,0,11,9,0,0],"f":[0.0697674418604651,0.0465116279069767,0.418604651162791,0,0,0.255813953488372,0.209302325581395,0,0]},"ON_QA":{"old_value":["ON_QA","ON_QA","ON_QA","ON_QA","ON_QA","0","ON_QA","0","ON_QA"],"new_value":["ASSIGNED","CLOSED","MODIFIED","NEW","ON_DEV","ON_QA","POST","RELEASE_PENDING","VERIFIED"],"issue":[29,654,37,2,1,0,7,0,134],"f":[0.0335648148148148,0.756944444444444,0.0428240740740741,0.00231481481481481,0.00115740740740741,0,0.00810185185185185,0,0.155092592592593]},"POST":{"old_value":["POST","POST","POST","POST","POST","POST","0","0","POST"],"new_value":["ASSIGNED","CLOSED","MODIFIED","NEW","ON_DEV","ON_QA","POST","RELEASE_PENDING","VERIFIED"],"issue":[14,101,688,9,12,42,0,0,11],"f":[0.015963511972634,0.115165336374002,0.784492588369441,0.0102622576966933,0.0136830102622577,0.0478905359179019,0,0,0.0125427594070696]},"RELEASE_PENDING":{"old_value":["0","0","RELEASE_PENDING","0","0","0","0","0","0"],"new_value":["ASSIGNED","CLOSED","MODIFIED","NEW","ON_DEV","ON_QA","POST","RELEASE_PENDING","VERIFIED"],"issue":[0,0,1,0,0,0,0,0,0],"f":[0,0,1,0,0,0,0,0,0]},"VERIFIED":{"old_value":["VERIFIED","VERIFIED","VERIFIED","VERIFIED","0","VERIFIED","VERIFIED","0","0"],"new_value":["ASSIGNED","CLOSED","MODIFIED","NEW","ON_DEV","ON_QA","POST","RELEASE_PENDING","VERIFIED"],"issue":[1,93,1,1,0,1,1,0,0],"f":[0.0102040816326531,0.948979591836735,0.0102040816326531,0.0102040816326531,0,0.0102040816326531,0.0102040816326531,0,0]}}