{"ASSIGNED":{"old_value":["0","ASSIGNED","ASSIGNED","ASSIGNED","ASSIGNED","ASSIGNED","ASSIGNED","0","ASSIGNED"],"new_value":["ASSIGNED","CLOSED","MODIFIED","NEW","ON_DEV","ON_QA","POST","RELEASE_PENDING","VERIFIED"],"issue":[0,214,331,79,20,54,571,0,6],"f":[0,0.167843137254902,0.259607843137255,0.0619607843137255,0.0156862745098039,0.0423529411764706,0.447843137254902,0,0.00470588235294118]},"CLOSED":{"old_value":["CLOSED","0","CLOSED","CLOSED","0","CLOSED","CLOSED","0","0"],"new_value":["ASSIGNED","CLOSED","MODIFIED","NEW","ON_DEV","ON_QA","POST","RELEASE_PENDING","VERIFIED"],"issue":[119,0,5,43,0,9,2,0,0],"f":[0.668539325842697,0,0.0280898876404494,0.241573033707865,0,0.050561797752809,0.0112359550561798,0,0]},"MODIFIED":{"old_value":["MODIFIED","MODIFIED","0","MODIFIED","MODIFIED","MODIFIED","MODIFIED","0","MODIFIED"],"new_value":["ASSIGNED","CLOSED","MODIFIED","NEW","ON_DEV","ON_QA","POST","RELEASE_PENDING","VERIFIED"],"issue":[27,375,0,5,1,1591,287,0,43],"f":[0.0115929583512237,0.161013310433663,0,0.0021468441391155,0.0004293688278231,0.683125805066552,0.12322885358523,0,0.0184628595963933]},"NEW":{"old_value":["NEW","NEW","NEW","0","NEW","NEW","NEW","NEW","NEW"],"new_value":["ASSIGNED","CLOSED","MODIFIED","NEW","ON_DEV","ON_QA","POST","RELEASE_PENDING","VERIFIED"],"issue":[1008,1535,341,0,9,88,1201,1,6],"f":[0.240630222010026,0.366435903556935,0.0814036762950585,0,0.00214848412508952,0.0210074003342086,0.286703270470279,0.00023872045834328,0.00143232275005968]},"ON_DEV":{"old_value":["ON_DEV","ON_DEV","ON_DEV","0","0","ON_DEV","ON_DEV","0","0"],"new_value":["ASSIGNED","CLOSED","MODIFIED","NEW","ON_DEV","ON_QA","POST","RELEASE_PENDING","VERIFIED"],"issue":[3,2,18,0,0,11,9,0,0],"f":[0.0697674418604651,0.0465116279069767,0.418604651162791,0,0,0.255813953488372,0.209302325581395,0,0]},"ON_QA":{"old_value":["ON_QA","ON_QA","ON_QA","ON_QA","ON_QA","0","ON_QA","0","ON_QA"],"new_value":["ASSIGNED","CLOSED","MODIFIED","NEW","ON_DEV","ON_QA","POST","RELEASE_PENDING","VERIFIED"],"issue":[77,762,88,9,1,0,17,0,670],"f":[0.0474137931034483,0.469211822660099,0.0541871921182266,0.00554187192118227,0.00061576354679803,0,0.0104679802955665,0,0.41256157635468]},"POST":{"old_value":["POST","POST","POST","POST","POST","POST","0","0","POST"],"new_value":["ASSIGNED","CLOSED","MODIFIED","NEW","ON_DEV","ON_QA","POST","RELEASE_PENDING","VERIFIED"],"issue":[39,160,1634,26,12,66,0,0,11],"f":[0.0200205338809035,0.082135523613963,0.838809034907598,0.013347022587269,0.00616016427104723,0.0338809034907598,0,0,0.00564681724845996]},"RELEASE_PENDING":{"old_value":["0","0","RELEASE_PENDING","0","0","0","0","0","0"],"new_value":["ASSIGNED","CLOSED","MODIFIED","NEW","ON_DEV","ON_QA","POST","RELEASE_PENDING","VERIFIED"],"issue":[0,0,1,0,0,0,0,0,0],"f":[0,0,1,0,0,0,0,0,0]},"VERIFIED":{"old_value":["VERIFIED","VERIFIED","VERIFIED","VERIFIED","0","VERIFIED","VERIFIED","0","0"],"new_value":["ASSIGNED","CLOSED","MODIFIED","NEW","ON_DEV","ON_QA","POST","RELEASE_PENDING","VERIFIED"],"issue":[5,375,2,2,0,13,1,0,0],"f":[0.0125628140703518,0.942211055276382,0.0050251256281407,0.0050251256281407,0,0.0326633165829146,0.00251256281407035,0,0]}}