{"ASSIGNED":{"old_value":["0","ASSIGNED","ASSIGNED","ASSIGNED","ASSIGNED","ASSIGNED","ASSIGNED","0","ASSIGNED"],"new_value":["ASSIGNED","CLOSED","MODIFIED","NEW","ON_DEV","ON_QA","POST","RELEASE_PENDING","VERIFIED"],"issue":[0,222,335,82,20,64,613,0,7],"f":[0,0.16530156366344,0.249441548771407,0.0610573343261355,0.0148920327624721,0.0476545048399106,0.456440804169769,0,0.00521221146686523]},"CLOSED":{"old_value":["CLOSED","0","CLOSED","CLOSED","0","CLOSED","CLOSED","0","0"],"new_value":["ASSIGNED","CLOSED","MODIFIED","NEW","ON_DEV","ON_QA","POST","RELEASE_PENDING","VERIFIED"],"issue":[123,0,6,48,0,9,2,0,0],"f":[0.654255319148936,0,0.0319148936170213,0.25531914893617,0,0.0478723404255319,0.0106382978723404,0,0]},"MODIFIED":{"old_value":["MODIFIED","MODIFIED","0","MODIFIED","MODIFIED","MODIFIED","MODIFIED","0","MODIFIED"],"new_value":["ASSIGNED","CLOSED","MODIFIED","NEW","ON_DEV","ON_QA","POST","RELEASE_PENDING","VERIFIED"],"issue":[28,512,0,6,1,1702,307,0,45],"f":[0.0107650903498654,0.196847366397539,0,0.00230680507497117,0.000384467512495194,0.65436370626682,0.118031526336025,0,0.0173010380622837]},"NEW":{"old_value":["NEW","NEW","NEW","0","NEW","NEW","NEW","NEW","NEW"],"new_value":["ASSIGNED","CLOSED","MODIFIED","NEW","ON_DEV","ON_QA","POST","RELEASE_PENDING","VERIFIED"],"issue":[1041,1595,356,0,9,98,1295,1,6],"f":[0.23653715064758,0.362417632356283,0.0808907066575778,0,0.00204498977505112,0.0222676664394456,0.294251306521245,0.000227221086116792,0.00136332651670075]},"ON_DEV":{"old_value":["ON_DEV","ON_DEV","ON_DEV","0","0","ON_DEV","ON_DEV","0","0"],"new_value":["ASSIGNED","CLOSED","MODIFIED","NEW","ON_DEV","ON_QA","POST","RELEASE_PENDING","VERIFIED"],"issue":[3,2,18,0,0,11,9,0,0],"f":[0.0697674418604651,0.0465116279069767,0.418604651162791,0,0,0.255813953488372,0.209302325581395,0,0]},"ON_QA":{"old_value":["ON_QA","ON_QA","ON_QA","ON_QA","ON_QA","0","ON_QA","0","ON_QA"],"new_value":["ASSIGNED","CLOSED","MODIFIED","NEW","ON_DEV","ON_QA","POST","RELEASE_PENDING","VERIFIED"],"issue":[86,917,95,10,1,0,18,0,834],"f":[0.0438551759306476,0.467618561958185,0.0484446710861805,0.00509943906170321,0.000509943906170321,0,0.00917899031106578,0,0.425293217746048]},"POST":{"old_value":["POST","POST","POST","POST","POST","POST","0","0","POST"],"new_value":["ASSIGNED","CLOSED","MODIFIED","NEW","ON_DEV","ON_QA","POST","RELEASE_PENDING","VERIFIED"],"issue":[43,167,1760,29,12,70,0,0,12],"f":[0.0205446727185858,0.0797897754419494,0.84089823220258,0.0138557095078834,0.00573339703774486,0.0334448160535117,0,0,0.00573339703774486]},"RELEASE_PENDING":{"old_value":["0","0","RELEASE_PENDING","0","0","0","0","0","0"],"new_value":["ASSIGNED","CLOSED","MODIFIED","NEW","ON_DEV","ON_QA","POST","RELEASE_PENDING","VERIFIED"],"issue":[0,0,1,0,0,0,0,0,0],"f":[0,0,1,0,0,0,0,0,0]},"VERIFIED":{"old_value":["VERIFIED","VERIFIED","VERIFIED","VERIFIED","0","VERIFIED","VERIFIED","0","0"],"new_value":["ASSIGNED","CLOSED","MODIFIED","NEW","ON_DEV","ON_QA","POST","RELEASE_PENDING","VERIFIED"],"issue":[9,868,2,2,0,16,1,0,0],"f":[0.010022271714922,0.966592427616927,0.0022271714922049,0.0022271714922049,0,0.0178173719376392,0.00111358574610245,0,0]}}