{"ASSIGNED":{"old_value":["0","ASSIGNED","ASSIGNED","ASSIGNED","ASSIGNED","ASSIGNED","ASSIGNED","0","ASSIGNED"],"new_value":["ASSIGNED","CLOSED","MODIFIED","NEW","ON_DEV","ON_QA","POST","RELEASE_PENDING","VERIFIED"],"issue":[0,215,333,80,20,57,580,0,7],"f":[0,0.16640866873065,0.257739938080495,0.0619195046439628,0.0154798761609907,0.0441176470588235,0.448916408668731,0,0.00541795665634675]},"CLOSED":{"old_value":["CLOSED","0","CLOSED","CLOSED","0","CLOSED","CLOSED","0","0"],"new_value":["ASSIGNED","CLOSED","MODIFIED","NEW","ON_DEV","ON_QA","POST","RELEASE_PENDING","VERIFIED"],"issue":[121,0,5,45,0,9,2,0,0],"f":[0.664835164835165,0,0.0274725274725275,0.247252747252747,0,0.0494505494505494,0.010989010989011,0,0]},"MODIFIED":{"old_value":["MODIFIED","MODIFIED","0","MODIFIED","MODIFIED","MODIFIED","MODIFIED","0","MODIFIED"],"new_value":["ASSIGNED","CLOSED","MODIFIED","NEW","ON_DEV","ON_QA","POST","RELEASE_PENDING","VERIFIED"],"issue":[27,375,0,5,1,1622,292,0,43],"f":[0.0114164904862579,0.158562367864693,0,0.00211416490486258,0.000422832980972516,0.685835095137421,0.123467230443975,0,0.0181818181818182]},"NEW":{"old_value":["NEW","NEW","NEW","0","NEW","NEW","NEW","NEW","NEW"],"new_value":["ASSIGNED","CLOSED","MODIFIED","NEW","ON_DEV","ON_QA","POST","RELEASE_PENDING","VERIFIED"],"issue":[1017,1555,342,0,9,89,1225,1,6],"f":[0.239632422243167,0.366399622997172,0.0805843543826579,0,0.00212064090480679,0.0209707822808671,0.288642789820924,0.000235626767200754,0.00141376060320452]},"ON_DEV":{"old_value":["ON_DEV","ON_DEV","ON_DEV","0","0","ON_DEV","ON_DEV","0","0"],"new_value":["ASSIGNED","CLOSED","MODIFIED","NEW","ON_DEV","ON_QA","POST","RELEASE_PENDING","VERIFIED"],"issue":[3,2,18,0,0,11,9,0,0],"f":[0.0697674418604651,0.0465116279069767,0.418604651162791,0,0,0.255813953488372,0.209302325581395,0,0]},"ON_QA":{"old_value":["ON_QA","ON_QA","ON_QA","ON_QA","ON_QA","0","ON_QA","0","ON_QA"],"new_value":["ASSIGNED","CLOSED","MODIFIED","NEW","ON_DEV","ON_QA","POST","RELEASE_PENDING","VERIFIED"],"issue":[80,763,91,9,1,0,17,0,745],"f":[0.0468933177022274,0.447245017584994,0.0533411488862837,0.00527549824150059,0.000586166471277843,0,0.00996483001172333,0,0.436694021101993]},"POST":{"old_value":["POST","POST","POST","POST","POST","POST","0","0","POST"],"new_value":["ASSIGNED","CLOSED","MODIFIED","NEW","ON_DEV","ON_QA","POST","RELEASE_PENDING","VERIFIED"],"issue":[39,160,1657,27,12,67,0,0,11],"f":[0.0197668525088697,0.0810947795235682,0.839837810440953,0.0136847440446021,0.00608210846426761,0.0339584389254942,0,0,0.00557526609224531]},"RELEASE_PENDING":{"old_value":["0","0","RELEASE_PENDING","0","0","0","0","0","0"],"new_value":["ASSIGNED","CLOSED","MODIFIED","NEW","ON_DEV","ON_QA","POST","RELEASE_PENDING","VERIFIED"],"issue":[0,0,1,0,0,0,0,0,0],"f":[0,0,1,0,0,0,0,0,0]},"VERIFIED":{"old_value":["VERIFIED","VERIFIED","VERIFIED","VERIFIED","0","VERIFIED","VERIFIED","0","0"],"new_value":["ASSIGNED","CLOSED","MODIFIED","NEW","ON_DEV","ON_QA","POST","RELEASE_PENDING","VERIFIED"],"issue":[7,375,2,2,0,14,1,0,0],"f":[0.0174563591022444,0.935162094763092,0.00498753117206983,0.00498753117206983,0,0.0349127182044888,0.00249376558603491,0,0]}}