{"ASSIGNED":{"old_value":["0","ASSIGNED","ASSIGNED","ASSIGNED","ASSIGNED","ASSIGNED","ASSIGNED","0","ASSIGNED"],"new_value":["ASSIGNED","CLOSED","MODIFIED","NEW","ON_DEV","ON_QA","POST","RELEASE_PENDING","VERIFIED"],"issue":[0,213,330,79,20,54,567,0,6],"f":[0,0.167848699763593,0.260047281323877,0.0622537431048069,0.0157604412923562,0.0425531914893617,0.446808510638298,0,0.00472813238770686]},"CLOSED":{"old_value":["CLOSED","0","CLOSED","CLOSED","0","CLOSED","CLOSED","0","0"],"new_value":["ASSIGNED","CLOSED","MODIFIED","NEW","ON_DEV","ON_QA","POST","RELEASE_PENDING","VERIFIED"],"issue":[118,0,5,43,0,9,2,0,0],"f":[0.666666666666667,0,0.0282485875706215,0.242937853107345,0,0.0508474576271186,0.0112994350282486,0,0]},"MODIFIED":{"old_value":["MODIFIED","MODIFIED","0","MODIFIED","MODIFIED","MODIFIED","MODIFIED","0","MODIFIED"],"new_value":["ASSIGNED","CLOSED","MODIFIED","NEW","ON_DEV","ON_QA","POST","RELEASE_PENDING","VERIFIED"],"issue":[26,375,0,5,1,1470,284,0,41],"f":[0.0118074477747502,0.170299727520436,0,0.00227066303360581,0.000454132606721163,0.667574931880109,0.12897366030881,0,0.0186194368755677]},"NEW":{"old_value":["NEW","NEW","NEW","0","NEW","NEW","NEW","NEW","NEW"],"new_value":["ASSIGNED","CLOSED","MODIFIED","NEW","ON_DEV","ON_QA","POST","RELEASE_PENDING","VERIFIED"],"issue":[1006,1523,340,0,9,88,1186,1,6],"f":[0.241885068526088,0.366193796585718,0.0817504207742246,0,0.00216398172637653,0.0211589324356817,0.285164703053619,0.000240442414041837,0.00144265448425102]},"ON_DEV":{"old_value":["ON_DEV","ON_DEV","ON_DEV","0","0","ON_DEV","ON_DEV","0","0"],"new_value":["ASSIGNED","CLOSED","MODIFIED","NEW","ON_DEV","ON_QA","POST","RELEASE_PENDING","VERIFIED"],"issue":[3,2,18,0,0,11,9,0,0],"f":[0.0697674418604651,0.0465116279069767,0.418604651162791,0,0,0.255813953488372,0.209302325581395,0,0]},"ON_QA":{"old_value":["ON_QA","ON_QA","ON_QA","ON_QA","ON_QA","0","ON_QA","0","ON_QA"],"new_value":["ASSIGNED","CLOSED","MODIFIED","NEW","ON_DEV","ON_QA","POST","RELEASE_PENDING","VERIFIED"],"issue":[76,762,85,9,1,0,17,0,629],"f":[0.0481317289423686,0.482583913869538,0.0538315389487017,0.00569981000633312,0.000633312222925902,0,0.0107663077897403,0,0.398353388220393]},"POST":{"old_value":["POST","POST","POST","POST","POST","POST","0","0","POST"],"new_value":["ASSIGNED","CLOSED","MODIFIED","NEW","ON_DEV","ON_QA","POST","RELEASE_PENDING","VERIFIED"],"issue":[38,160,1592,25,12,66,0,0,11],"f":[0.0199579831932773,0.0840336134453782,0.836134453781513,0.0131302521008403,0.00630252100840336,0.0346638655462185,0,0,0.00577731092436975]},"RELEASE_PENDING":{"old_value":["0","0","RELEASE_PENDING","0","0","0","0","0","0"],"new_value":["ASSIGNED","CLOSED","MODIFIED","NEW","ON_DEV","ON_QA","POST","RELEASE_PENDING","VERIFIED"],"issue":[0,0,1,0,0,0,0,0,0],"f":[0,0,1,0,0,0,0,0,0]},"VERIFIED":{"old_value":["VERIFIED","VERIFIED","VERIFIED","VERIFIED","0","VERIFIED","VERIFIED","0","0"],"new_value":["ASSIGNED","CLOSED","MODIFIED","NEW","ON_DEV","ON_QA","POST","RELEASE_PENDING","VERIFIED"],"issue":[5,375,2,2,0,11,1,0,0],"f":[0.0126262626262626,0.946969696969697,0.00505050505050505,0.00505050505050505,0,0.0277777777777778,0.00252525252525253,0,0]}}