{"ASSIGNED":{"old_value":["0","ASSIGNED","ASSIGNED","ASSIGNED","ASSIGNED","ASSIGNED","ASSIGNED","0","ASSIGNED"],"new_value":["ASSIGNED","CLOSED","MODIFIED","NEW","ON_DEV","ON_QA","POST","RELEASE_PENDING","VERIFIED"],"issue":[0,187,311,70,20,42,475,0,5],"f":[0,0.168468468468468,0.28018018018018,0.0630630630630631,0.018018018018018,0.0378378378378378,0.427927927927928,0,0.0045045045045045]},"CLOSED":{"old_value":["CLOSED","0","CLOSED","CLOSED","0","CLOSED","CLOSED","0","0"],"new_value":["ASSIGNED","CLOSED","MODIFIED","NEW","ON_DEV","ON_QA","POST","RELEASE_PENDING","VERIFIED"],"issue":[108,0,4,33,0,7,1,0,0],"f":[0.705882352941177,0,0.0261437908496732,0.215686274509804,0,0.0457516339869281,0.0065359477124183,0,0]},"MODIFIED":{"old_value":["MODIFIED","MODIFIED","0","MODIFIED","MODIFIED","MODIFIED","MODIFIED","0","MODIFIED"],"new_value":["ASSIGNED","CLOSED","MODIFIED","NEW","ON_DEV","ON_QA","POST","RELEASE_PENDING","VERIFIED"],"issue":[21,362,0,4,1,1170,225,0,37],"f":[0.0115384615384615,0.198901098901099,0,0.0021978021978022,0.000549450549450549,0.642857142857143,0.123626373626374,0,0.0203296703296703]},"NEW":{"old_value":["NEW","NEW","NEW","0","NEW","NEW","NEW","NEW","NEW"],"new_value":["ASSIGNED","CLOSED","MODIFIED","NEW","ON_DEV","ON_QA","POST","RELEASE_PENDING","VERIFIED"],"issue":[907,1299,269,0,9,69,894,1,5],"f":[0.262670141905589,0.37619461337967,0.0779032725166522,0,0.00260642919200695,0.0199826238053866,0.258905299739357,0.000289603243556328,0.00144801621778164]},"ON_DEV":{"old_value":["ON_DEV","ON_DEV","ON_DEV","0","0","ON_DEV","ON_DEV","0","0"],"new_value":["ASSIGNED","CLOSED","MODIFIED","NEW","ON_DEV","ON_QA","POST","RELEASE_PENDING","VERIFIED"],"issue":[3,2,18,0,0,11,9,0,0],"f":[0.0697674418604651,0.0465116279069767,0.418604651162791,0,0,0.255813953488372,0.209302325581395,0,0]},"ON_QA":{"old_value":["ON_QA","ON_QA","ON_QA","ON_QA","ON_QA","0","ON_QA","0","ON_QA"],"new_value":["ASSIGNED","CLOSED","MODIFIED","NEW","ON_DEV","ON_QA","POST","RELEASE_PENDING","VERIFIED"],"issue":[50,742,77,6,1,0,10,0,346],"f":[0.0405844155844156,0.602272727272727,0.0625,0.00487012987012987,0.000811688311688312,0,0.00811688311688312,0,0.280844155844156]},"POST":{"old_value":["POST","POST","POST","POST","POST","POST","0","0","POST"],"new_value":["ASSIGNED","CLOSED","MODIFIED","NEW","ON_DEV","ON_QA","POST","RELEASE_PENDING","VERIFIED"],"issue":[28,155,1175,20,12,55,0,0,11],"f":[0.0192307692307692,0.106456043956044,0.807005494505495,0.0137362637362637,0.00824175824175824,0.0377747252747253,0,0,0.00755494505494505]},"RELEASE_PENDING":{"old_value":["0","0","RELEASE_PENDING","0","0","0","0","0","0"],"new_value":["ASSIGNED","CLOSED","MODIFIED","NEW","ON_DEV","ON_QA","POST","RELEASE_PENDING","VERIFIED"],"issue":[0,0,1,0,0,0,0,0,0],"f":[0,0,1,0,0,0,0,0,0]},"VERIFIED":{"old_value":["VERIFIED","VERIFIED","VERIFIED","VERIFIED","0","VERIFIED","VERIFIED","0","0"],"new_value":["ASSIGNED","CLOSED","MODIFIED","NEW","ON_DEV","ON_QA","POST","RELEASE_PENDING","VERIFIED"],"issue":[4,372,1,1,0,8,1,0,0],"f":[0.0103359173126615,0.961240310077519,0.00258397932816537,0.00258397932816537,0,0.020671834625323,0.00258397932816537,0,0]}}