{"ASSIGNED":{"old_value":["0","ASSIGNED","ASSIGNED","ASSIGNED","ASSIGNED","ASSIGNED","ASSIGNED","0","ASSIGNED"],"new_value":["ASSIGNED","CLOSED","MODIFIED","NEW","ON_DEV","ON_QA","POST","RELEASE_PENDING","VERIFIED"],"issue":[0,225,338,82,20,64,628,0,7],"f":[0,0.164956011730205,0.247800586510264,0.0601173020527859,0.0146627565982405,0.0469208211143695,0.460410557184751,0,0.00513196480938416]},"CLOSED":{"old_value":["CLOSED","0","CLOSED","CLOSED","0","CLOSED","CLOSED","0","0"],"new_value":["ASSIGNED","CLOSED","MODIFIED","NEW","ON_DEV","ON_QA","POST","RELEASE_PENDING","VERIFIED"],"issue":[124,0,6,48,0,9,2,0,0],"f":[0.656084656084656,0,0.0317460317460317,0.253968253968254,0,0.0476190476190476,0.0105820105820106,0,0]},"MODIFIED":{"old_value":["MODIFIED","MODIFIED","0","MODIFIED","MODIFIED","MODIFIED","MODIFIED","0","MODIFIED"],"new_value":["ASSIGNED","CLOSED","MODIFIED","NEW","ON_DEV","ON_QA","POST","RELEASE_PENDING","VERIFIED"],"issue":[29,513,0,6,1,1708,311,0,46],"f":[0.0110941086457536,0.196250956388676,0,0.00229533282325937,0.000382555470543229,0.653404743687835,0.118974751338944,0,0.0175975516449885]},"NEW":{"old_value":["NEW","NEW","NEW","0","NEW","NEW","NEW","NEW","NEW"],"new_value":["ASSIGNED","CLOSED","MODIFIED","NEW","ON_DEV","ON_QA","POST","RELEASE_PENDING","VERIFIED"],"issue":[1058,1631,358,0,9,101,1343,1,6],"f":[0.234745950743288,0.361881517639228,0.0794319946749501,0,0.00199689372087863,0.0224095850898602,0.297980918571112,0.000221877080097626,0.00133126248058576]},"ON_DEV":{"old_value":["ON_DEV","ON_DEV","ON_DEV","0","0","ON_DEV","ON_DEV","0","0"],"new_value":["ASSIGNED","CLOSED","MODIFIED","NEW","ON_DEV","ON_QA","POST","RELEASE_PENDING","VERIFIED"],"issue":[3,2,18,0,0,11,9,0,0],"f":[0.0697674418604651,0.0465116279069767,0.418604651162791,0,0,0.255813953488372,0.209302325581395,0,0]},"ON_QA":{"old_value":["ON_QA","ON_QA","ON_QA","ON_QA","ON_QA","0","ON_QA","0","ON_QA"],"new_value":["ASSIGNED","CLOSED","MODIFIED","NEW","ON_DEV","ON_QA","POST","RELEASE_PENDING","VERIFIED"],"issue":[87,917,96,10,1,0,18,0,841],"f":[0.0441624365482233,0.465482233502538,0.0487309644670051,0.0050761421319797,0.00050761421319797,0,0.00913705583756345,0,0.426903553299492]},"POST":{"old_value":["POST","POST","POST","POST","POST","POST","0","0","POST"],"new_value":["ASSIGNED","CLOSED","MODIFIED","NEW","ON_DEV","ON_QA","POST","RELEASE_PENDING","VERIFIED"],"issue":[43,169,1807,29,12,70,0,0,13],"f":[0.0200653289780681,0.078861409239384,0.843210452636491,0.0135324311712552,0.0055996266915539,0.0326644890340644,0,0,0.00606626224918339]},"RELEASE_PENDING":{"old_value":["0","0","RELEASE_PENDING","0","0","0","0","0","0"],"new_value":["ASSIGNED","CLOSED","MODIFIED","NEW","ON_DEV","ON_QA","POST","RELEASE_PENDING","VERIFIED"],"issue":[0,0,1,0,0,0,0,0,0],"f":[0,0,1,0,0,0,0,0,0]},"VERIFIED":{"old_value":["VERIFIED","VERIFIED","VERIFIED","VERIFIED","0","VERIFIED","VERIFIED","0","0"],"new_value":["ASSIGNED","CLOSED","MODIFIED","NEW","ON_DEV","ON_QA","POST","RELEASE_PENDING","VERIFIED"],"issue":[9,869,2,2,0,16,1,0,0],"f":[0.0100111234705228,0.966629588431591,0.00222469410456062,0.00222469410456062,0,0.017797552836485,0.00111234705228031,0,0]}}