{"ASSIGNED":{"old_value":["0","ASSIGNED","ASSIGNED","ASSIGNED","ASSIGNED","ASSIGNED","ASSIGNED","0","ASSIGNED"],"new_value":["ASSIGNED","CLOSED","MODIFIED","NEW","ON_DEV","ON_QA","POST","RELEASE_PENDING","VERIFIED"],"issue":[0,215,333,80,20,59,580,0,7],"f":[0,0.166151468315301,0.257341576506955,0.0618238021638331,0.0154559505409583,0.0455950540958269,0.44822256568779,0,0.00540958268933539]},"CLOSED":{"old_value":["CLOSED","0","CLOSED","CLOSED","0","CLOSED","CLOSED","0","0"],"new_value":["ASSIGNED","CLOSED","MODIFIED","NEW","ON_DEV","ON_QA","POST","RELEASE_PENDING","VERIFIED"],"issue":[121,0,5,45,0,9,2,0,0],"f":[0.664835164835165,0,0.0274725274725275,0.247252747252747,0,0.0494505494505494,0.010989010989011,0,0]},"MODIFIED":{"old_value":["MODIFIED","MODIFIED","0","MODIFIED","MODIFIED","MODIFIED","MODIFIED","0","MODIFIED"],"new_value":["ASSIGNED","CLOSED","MODIFIED","NEW","ON_DEV","ON_QA","POST","RELEASE_PENDING","VERIFIED"],"issue":[27,375,0,5,1,1623,292,0,43],"f":[0.0114116652578191,0.158495350803043,0,0.00211327134404058,0.000422654268808115,0.685967878275571,0.12341504649197,0,0.0181741335587489]},"NEW":{"old_value":["NEW","NEW","NEW","0","NEW","NEW","NEW","NEW","NEW"],"new_value":["ASSIGNED","CLOSED","MODIFIED","NEW","ON_DEV","ON_QA","POST","RELEASE_PENDING","VERIFIED"],"issue":[1017,1557,344,0,9,89,1230,1,6],"f":[0.239125323301199,0.366094521514225,0.0808840818245944,0,0.00211615330355044,0.0209264048906654,0.289207618151893,0.000235128144838937,0.00141076886903362]},"ON_DEV":{"old_value":["ON_DEV","ON_DEV","ON_DEV","0","0","ON_DEV","ON_DEV","0","0"],"new_value":["ASSIGNED","CLOSED","MODIFIED","NEW","ON_DEV","ON_QA","POST","RELEASE_PENDING","VERIFIED"],"issue":[3,2,18,0,0,11,9,0,0],"f":[0.0697674418604651,0.0465116279069767,0.418604651162791,0,0,0.255813953488372,0.209302325581395,0,0]},"ON_QA":{"old_value":["ON_QA","ON_QA","ON_QA","ON_QA","ON_QA","0","ON_QA","0","ON_QA"],"new_value":["ASSIGNED","CLOSED","MODIFIED","NEW","ON_DEV","ON_QA","POST","RELEASE_PENDING","VERIFIED"],"issue":[80,763,91,9,1,0,17,0,746],"f":[0.0468658465143527,0.446983011130639,0.0533099004100762,0.00527240773286467,0.000585823081429408,0,0.00995899238429994,0,0.437024018746339]},"POST":{"old_value":["POST","POST","POST","POST","POST","POST","0","0","POST"],"new_value":["ASSIGNED","CLOSED","MODIFIED","NEW","ON_DEV","ON_QA","POST","RELEASE_PENDING","VERIFIED"],"issue":[40,160,1660,27,12,67,0,0,11],"f":[0.0202326757713708,0.0809307030854831,0.839656044511887,0.0136570561456753,0.00606980273141123,0.033889731917046,0,0,0.00556398583712696]},"RELEASE_PENDING":{"old_value":["0","0","RELEASE_PENDING","0","0","0","0","0","0"],"new_value":["ASSIGNED","CLOSED","MODIFIED","NEW","ON_DEV","ON_QA","POST","RELEASE_PENDING","VERIFIED"],"issue":[0,0,1,0,0,0,0,0,0],"f":[0,0,1,0,0,0,0,0,0]},"VERIFIED":{"old_value":["VERIFIED","VERIFIED","VERIFIED","VERIFIED","0","VERIFIED","VERIFIED","0","0"],"new_value":["ASSIGNED","CLOSED","MODIFIED","NEW","ON_DEV","ON_QA","POST","RELEASE_PENDING","VERIFIED"],"issue":[7,375,2,2,0,14,1,0,0],"f":[0.0174563591022444,0.935162094763092,0.00498753117206983,0.00498753117206983,0,0.0349127182044888,0.00249376558603491,0,0]}}