{"ASSIGNED":{"old_value":["0","ASSIGNED","ASSIGNED","ASSIGNED","ASSIGNED","ASSIGNED","ASSIGNED","0","ASSIGNED"],"new_value":["ASSIGNED","CLOSED","MODIFIED","NEW","ON_DEV","ON_QA","POST","RELEASE_PENDING","VERIFIED"],"issue":[0,180,297,69,20,36,428,0,5],"f":[0,0.173913043478261,0.28695652173913,0.0666666666666667,0.0193236714975845,0.0347826086956522,0.413526570048309,0,0.00483091787439614]},"CLOSED":{"old_value":["CLOSED","0","CLOSED","CLOSED","0","CLOSED","0","0","0"],"new_value":["ASSIGNED","CLOSED","MODIFIED","NEW","ON_DEV","ON_QA","POST","RELEASE_PENDING","VERIFIED"],"issue":[102,0,2,21,0,7,0,0,0],"f":[0.772727272727273,0,0.0151515151515152,0.159090909090909,0,0.053030303030303,0,0,0]},"MODIFIED":{"old_value":["MODIFIED","MODIFIED","0","MODIFIED","MODIFIED","MODIFIED","MODIFIED","0","MODIFIED"],"new_value":["ASSIGNED","CLOSED","MODIFIED","NEW","ON_DEV","ON_QA","POST","RELEASE_PENDING","VERIFIED"],"issue":[18,231,0,3,1,1034,205,0,36],"f":[0.0117801047120419,0.151178010471204,0,0.00196335078534031,0.000654450261780105,0.676701570680628,0.134162303664921,0,0.0235602094240838]},"NEW":{"old_value":["NEW","NEW","NEW","0","NEW","NEW","NEW","NEW","NEW"],"new_value":["ASSIGNED","CLOSED","MODIFIED","NEW","ON_DEV","ON_QA","POST","RELEASE_PENDING","VERIFIED"],"issue":[858,1176,231,0,9,57,753,1,5],"f":[0.277669902912621,0.380582524271845,0.0747572815533981,0,0.0029126213592233,0.0184466019417476,0.24368932038835,0.000323624595469256,0.00161812297734628]},"ON_DEV":{"old_value":["ON_DEV","ON_DEV","ON_DEV","0","0","ON_DEV","ON_DEV","0","0"],"new_value":["ASSIGNED","CLOSED","MODIFIED","NEW","ON_DEV","ON_QA","POST","RELEASE_PENDING","VERIFIED"],"issue":[3,2,18,0,0,11,9,0,0],"f":[0.0697674418604651,0.0465116279069767,0.418604651162791,0,0,0.255813953488372,0.209302325581395,0,0]},"ON_QA":{"old_value":["ON_QA","ON_QA","ON_QA","ON_QA","ON_QA","0","ON_QA","0","ON_QA"],"new_value":["ASSIGNED","CLOSED","MODIFIED","NEW","ON_DEV","ON_QA","POST","RELEASE_PENDING","VERIFIED"],"issue":[46,709,77,4,1,0,9,0,329],"f":[0.0391489361702128,0.603404255319149,0.065531914893617,0.00340425531914894,0.000851063829787234,0,0.00765957446808511,0,0.28]},"POST":{"old_value":["POST","POST","POST","POST","POST","POST","0","0","POST"],"new_value":["ASSIGNED","CLOSED","MODIFIED","NEW","ON_DEV","ON_QA","POST","RELEASE_PENDING","VERIFIED"],"issue":[24,151,973,17,12,47,0,0,11],"f":[0.0194331983805668,0.122267206477733,0.787854251012146,0.0137651821862348,0.0097165991902834,0.0380566801619433,0,0,0.00890688259109312]},"RELEASE_PENDING":{"old_value":["0","0","RELEASE_PENDING","0","0","0","0","0","0"],"new_value":["ASSIGNED","CLOSED","MODIFIED","NEW","ON_DEV","ON_QA","POST","RELEASE_PENDING","VERIFIED"],"issue":[0,0,1,0,0,0,0,0,0],"f":[0,0,1,0,0,0,0,0,0]},"VERIFIED":{"old_value":["VERIFIED","VERIFIED","VERIFIED","VERIFIED","0","VERIFIED","VERIFIED","0","0"],"new_value":["ASSIGNED","CLOSED","MODIFIED","NEW","ON_DEV","ON_QA","POST","RELEASE_PENDING","VERIFIED"],"issue":[4,360,1,1,0,7,1,0,0],"f":[0.0106951871657754,0.962566844919786,0.00267379679144385,0.00267379679144385,0,0.018716577540107,0.00267379679144385,0,0]}}