{"ASSIGNED":{"old_value":["0","ASSIGNED","ASSIGNED","ASSIGNED","ASSIGNED","ASSIGNED","ASSIGNED","0","ASSIGNED"],"new_value":["ASSIGNED","CLOSED","MODIFIED","NEW","ON_DEV","ON_QA","POST","RELEASE_PENDING","VERIFIED"],"issue":[0,168,292,69,20,34,410,0,5],"f":[0,0.168336673346693,0.292585170340681,0.0691382765531062,0.0200400801603206,0.0340681362725451,0.410821643286573,0,0.00501002004008016]},"CLOSED":{"old_value":["CLOSED","0","CLOSED","CLOSED","0","CLOSED","0","0","0"],"new_value":["ASSIGNED","CLOSED","MODIFIED","NEW","ON_DEV","ON_QA","POST","RELEASE_PENDING","VERIFIED"],"issue":[101,0,2,20,0,7,0,0,0],"f":[0.776923076923077,0,0.0153846153846154,0.153846153846154,0,0.0538461538461538,0,0,0]},"MODIFIED":{"old_value":["MODIFIED","MODIFIED","0","MODIFIED","MODIFIED","MODIFIED","MODIFIED","0","MODIFIED"],"new_value":["ASSIGNED","CLOSED","MODIFIED","NEW","ON_DEV","ON_QA","POST","RELEASE_PENDING","VERIFIED"],"issue":[17,227,0,2,1,1017,179,0,36],"f":[0.0114942528735632,0.153482082488168,0,0.00135226504394861,0.000676132521974307,0.68762677484787,0.121027721433401,0,0.0243407707910751]},"NEW":{"old_value":["NEW","NEW","NEW","0","NEW","NEW","NEW","NEW","NEW"],"new_value":["ASSIGNED","CLOSED","MODIFIED","NEW","ON_DEV","ON_QA","POST","RELEASE_PENDING","VERIFIED"],"issue":[837,1130,215,0,9,56,685,1,4],"f":[0.284984678243105,0.38474633980252,0.073203949608444,0,0.00306435137895812,0.0190670752468505,0.233231188287368,0.000340483486550902,0.00136193394620361]},"ON_DEV":{"old_value":["ON_DEV","ON_DEV","ON_DEV","0","0","ON_DEV","ON_DEV","0","0"],"new_value":["ASSIGNED","CLOSED","MODIFIED","NEW","ON_DEV","ON_QA","POST","RELEASE_PENDING","VERIFIED"],"issue":[3,2,18,0,0,11,9,0,0],"f":[0.0697674418604651,0.0465116279069767,0.418604651162791,0,0,0.255813953488372,0.209302325581395,0,0]},"ON_QA":{"old_value":["ON_QA","ON_QA","ON_QA","ON_QA","ON_QA","0","ON_QA","0","ON_QA"],"new_value":["ASSIGNED","CLOSED","MODIFIED","NEW","ON_DEV","ON_QA","POST","RELEASE_PENDING","VERIFIED"],"issue":[45,709,77,4,1,0,9,0,321],"f":[0.0385934819897084,0.608061749571184,0.0660377358490566,0.00343053173241852,0.000857632933104631,0,0.00771869639794168,0,0.275300171526587]},"POST":{"old_value":["POST","POST","POST","POST","POST","POST","0","0","POST"],"new_value":["ASSIGNED","CLOSED","MODIFIED","NEW","ON_DEV","ON_QA","POST","RELEASE_PENDING","VERIFIED"],"issue":[22,108,890,15,12,44,0,0,11],"f":[0.0199637023593466,0.0980036297640653,0.807622504537205,0.0136116152450091,0.0108892921960073,0.0399274047186933,0,0,0.00998185117967332]},"RELEASE_PENDING":{"old_value":["0","0","RELEASE_PENDING","0","0","0","0","0","0"],"new_value":["ASSIGNED","CLOSED","MODIFIED","NEW","ON_DEV","ON_QA","POST","RELEASE_PENDING","VERIFIED"],"issue":[0,0,1,0,0,0,0,0,0],"f":[0,0,1,0,0,0,0,0,0]},"VERIFIED":{"old_value":["VERIFIED","VERIFIED","VERIFIED","VERIFIED","0","VERIFIED","VERIFIED","0","0"],"new_value":["ASSIGNED","CLOSED","MODIFIED","NEW","ON_DEV","ON_QA","POST","RELEASE_PENDING","VERIFIED"],"issue":[4,359,1,1,0,6,1,0,0],"f":[0.010752688172043,0.96505376344086,0.00268817204301075,0.00268817204301075,0,0.0161290322580645,0.00268817204301075,0,0]}}