{"ASSIGNED":{"old_value":["0","ASSIGNED","ASSIGNED","ASSIGNED","ASSIGNED","ASSIGNED","ASSIGNED","0","ASSIGNED"],"new_value":["ASSIGNED","CLOSED","MODIFIED","NEW","ON_DEV","ON_QA","POST","RELEASE_PENDING","VERIFIED"],"issue":[0,216,333,82,20,60,586,0,7],"f":[0,0.165644171779141,0.255368098159509,0.0628834355828221,0.0153374233128834,0.0460122699386503,0.449386503067485,0,0.0053680981595092]},"CLOSED":{"old_value":["CLOSED","0","CLOSED","CLOSED","0","CLOSED","CLOSED","0","0"],"new_value":["ASSIGNED","CLOSED","MODIFIED","NEW","ON_DEV","ON_QA","POST","RELEASE_PENDING","VERIFIED"],"issue":[121,0,5,46,0,9,2,0,0],"f":[0.66120218579235,0,0.0273224043715847,0.251366120218579,0,0.0491803278688525,0.0109289617486339,0,0]},"MODIFIED":{"old_value":["MODIFIED","MODIFIED","0","MODIFIED","MODIFIED","MODIFIED","MODIFIED","0","MODIFIED"],"new_value":["ASSIGNED","CLOSED","MODIFIED","NEW","ON_DEV","ON_QA","POST","RELEASE_PENDING","VERIFIED"],"issue":[28,378,0,6,1,1654,298,0,44],"f":[0.0116230801162308,0.156911581569116,0,0.0024906600249066,0.0004151100041511,0.68659194686592,0.123702781237028,0,0.0182648401826484]},"NEW":{"old_value":["NEW","NEW","NEW","0","NEW","NEW","NEW","NEW","NEW"],"new_value":["ASSIGNED","CLOSED","MODIFIED","NEW","ON_DEV","ON_QA","POST","RELEASE_PENDING","VERIFIED"],"issue":[1019,1566,347,0,9,93,1248,1,6],"f":[0.237584518535789,0.365120074609466,0.0809046397761716,0,0.00209839123338774,0.0216833760783399,0.290976917696433,0.000233154581487526,0.00139892748892516]},"ON_DEV":{"old_value":["ON_DEV","ON_DEV","ON_DEV","0","0","ON_DEV","ON_DEV","0","0"],"new_value":["ASSIGNED","CLOSED","MODIFIED","NEW","ON_DEV","ON_QA","POST","RELEASE_PENDING","VERIFIED"],"issue":[3,2,18,0,0,11,9,0,0],"f":[0.0697674418604651,0.0465116279069767,0.418604651162791,0,0,0.255813953488372,0.209302325581395,0,0]},"ON_QA":{"old_value":["ON_QA","ON_QA","ON_QA","ON_QA","ON_QA","0","ON_QA","0","ON_QA"],"new_value":["ASSIGNED","CLOSED","MODIFIED","NEW","ON_DEV","ON_QA","POST","RELEASE_PENDING","VERIFIED"],"issue":[80,790,92,9,1,0,17,0,763],"f":[0.045662100456621,0.450913242009132,0.0525114155251142,0.00513698630136986,0.000570776255707763,0,0.00970319634703196,0,0.435502283105023]},"POST":{"old_value":["POST","POST","POST","POST","POST","POST","0","0","POST"],"new_value":["ASSIGNED","CLOSED","MODIFIED","NEW","ON_DEV","ON_QA","POST","RELEASE_PENDING","VERIFIED"],"issue":[41,162,1694,27,12,68,0,0,11],"f":[0.0203473945409429,0.0803970223325062,0.840694789081886,0.0133995037220844,0.00595533498759305,0.0337468982630273,0,0,0.0054590570719603]},"RELEASE_PENDING":{"old_value":["0","0","RELEASE_PENDING","0","0","0","0","0","0"],"new_value":["ASSIGNED","CLOSED","MODIFIED","NEW","ON_DEV","ON_QA","POST","RELEASE_PENDING","VERIFIED"],"issue":[0,0,1,0,0,0,0,0,0],"f":[0,0,1,0,0,0,0,0,0]},"VERIFIED":{"old_value":["VERIFIED","VERIFIED","VERIFIED","VERIFIED","0","VERIFIED","VERIFIED","0","0"],"new_value":["ASSIGNED","CLOSED","MODIFIED","NEW","ON_DEV","ON_QA","POST","RELEASE_PENDING","VERIFIED"],"issue":[8,381,2,2,0,14,1,0,0],"f":[0.0196078431372549,0.933823529411765,0.00490196078431373,0.00490196078431373,0,0.0343137254901961,0.00245098039215686,0,0]}}