{"data":{"years":[2008,2009,2010,2011,2012,2013,2014],"X0.99":[190072.77,1963972.5,2018590.08,1366926,977506.650000001,712701.4,247964.880000001],"X0.95":[182419.85,1647585.5,1842541.35,988997.25,744958.25,555922,152080.2],"X0.5":[96324.5,1233724,1339465,527501.5,284596.5,171384,54365.5],"X0.25":[48493.75,402466.5,1148705.75,376235.5,111026.75,57468,9717.75]},"labels":[0.99,0.95,0.5,0.25]}