{"ASSIGNED":{"old_value":["0","ASSIGNED","ASSIGNED","ASSIGNED","ASSIGNED","ASSIGNED","ASSIGNED","0","ASSIGNED"],"new_value":["ASSIGNED","CLOSED","MODIFIED","NEW","ON_DEV","ON_QA","POST","RELEASE_PENDING","VERIFIED"],"issue":[0,220,334,82,20,62,604,0,7],"f":[0,0.165537998495109,0.251316779533484,0.0617005267118134,0.0150489089541008,0.0466516177577126,0.454477050413845,0,0.00526711813393529]},"CLOSED":{"old_value":["CLOSED","0","CLOSED","CLOSED","0","CLOSED","CLOSED","0","0"],"new_value":["ASSIGNED","CLOSED","MODIFIED","NEW","ON_DEV","ON_QA","POST","RELEASE_PENDING","VERIFIED"],"issue":[122,0,5,47,0,9,2,0,0],"f":[0.659459459459459,0,0.027027027027027,0.254054054054054,0,0.0486486486486487,0.0108108108108108,0,0]},"MODIFIED":{"old_value":["MODIFIED","MODIFIED","0","MODIFIED","MODIFIED","MODIFIED","MODIFIED","0","MODIFIED"],"new_value":["ASSIGNED","CLOSED","MODIFIED","NEW","ON_DEV","ON_QA","POST","RELEASE_PENDING","VERIFIED"],"issue":[28,378,0,6,1,1695,304,0,44],"f":[0.011400651465798,0.153908794788274,0,0.00244299674267101,0.000407166123778502,0.69014657980456,0.123778501628664,0,0.0179153094462541]},"NEW":{"old_value":["NEW","NEW","NEW","0","NEW","NEW","NEW","NEW","NEW"],"new_value":["ASSIGNED","CLOSED","MODIFIED","NEW","ON_DEV","ON_QA","POST","RELEASE_PENDING","VERIFIED"],"issue":[1030,1578,351,0,9,96,1278,1,6],"f":[0.236836054265348,0.362842032651184,0.0807082087836284,0,0.00206944125086227,0.0220740400091975,0.293860657622442,0.000229937916762474,0.00137962750057484]},"ON_DEV":{"old_value":["ON_DEV","ON_DEV","ON_DEV","0","0","ON_DEV","ON_DEV","0","0"],"new_value":["ASSIGNED","CLOSED","MODIFIED","NEW","ON_DEV","ON_QA","POST","RELEASE_PENDING","VERIFIED"],"issue":[3,2,18,0,0,11,9,0,0],"f":[0.0697674418604651,0.0465116279069767,0.418604651162791,0,0,0.255813953488372,0.209302325581395,0,0]},"ON_QA":{"old_value":["ON_QA","ON_QA","ON_QA","ON_QA","ON_QA","0","ON_QA","0","ON_QA"],"new_value":["ASSIGNED","CLOSED","MODIFIED","NEW","ON_DEV","ON_QA","POST","RELEASE_PENDING","VERIFIED"],"issue":[85,793,95,10,1,0,18,0,801],"f":[0.0471436494731004,0.439822518025513,0.0526899611758181,0.00554631170271769,0.000554631170271769,0,0.00998336106489185,0,0.444259567387687]},"POST":{"old_value":["POST","POST","POST","POST","POST","POST","0","0","POST"],"new_value":["ASSIGNED","CLOSED","MODIFIED","NEW","ON_DEV","ON_QA","POST","RELEASE_PENDING","VERIFIED"],"issue":[42,165,1735,29,12,70,0,0,12],"f":[0.0203389830508475,0.0799031476997579,0.840193704600484,0.014043583535109,0.00581113801452784,0.0338983050847458,0,0,0.00581113801452784]},"RELEASE_PENDING":{"old_value":["0","0","RELEASE_PENDING","0","0","0","0","0","0"],"new_value":["ASSIGNED","CLOSED","MODIFIED","NEW","ON_DEV","ON_QA","POST","RELEASE_PENDING","VERIFIED"],"issue":[0,0,1,0,0,0,0,0,0],"f":[0,0,1,0,0,0,0,0,0]},"VERIFIED":{"old_value":["VERIFIED","VERIFIED","VERIFIED","VERIFIED","0","VERIFIED","VERIFIED","0","0"],"new_value":["ASSIGNED","CLOSED","MODIFIED","NEW","ON_DEV","ON_QA","POST","RELEASE_PENDING","VERIFIED"],"issue":[9,381,2,2,0,15,1,0,0],"f":[0.0219512195121951,0.929268292682927,0.0048780487804878,0.0048780487804878,0,0.0365853658536585,0.0024390243902439,0,0]}}