{"ASSIGNED":{"old_value":["0","ASSIGNED","ASSIGNED","ASSIGNED","ASSIGNED","ASSIGNED","ASSIGNED","0","ASSIGNED"],"new_value":["ASSIGNED","CLOSED","MODIFIED","NEW","ON_DEV","ON_QA","POST","RELEASE_PENDING","VERIFIED"],"issue":[0,203,328,74,20,50,527,0,5],"f":[0,0.168185584092792,0.271748135874068,0.0613090306545153,0.0165700082850041,0.0414250207125104,0.436619718309859,0,0.00414250207125104]},"CLOSED":{"old_value":["CLOSED","0","CLOSED","CLOSED","0","CLOSED","CLOSED","0","0"],"new_value":["ASSIGNED","CLOSED","MODIFIED","NEW","ON_DEV","ON_QA","POST","RELEASE_PENDING","VERIFIED"],"issue":[113,0,5,42,0,9,2,0,0],"f":[0.660818713450292,0,0.0292397660818713,0.245614035087719,0,0.0526315789473684,0.0116959064327485,0,0]},"MODIFIED":{"old_value":["MODIFIED","MODIFIED","0","MODIFIED","MODIFIED","MODIFIED","MODIFIED","0","MODIFIED"],"new_value":["ASSIGNED","CLOSED","MODIFIED","NEW","ON_DEV","ON_QA","POST","RELEASE_PENDING","VERIFIED"],"issue":[26,375,0,5,1,1384,268,0,39],"f":[0.0123927550047664,0.178741658722593,0,0.00238322211630124,0.000476644423260248,0.659675881792183,0.127740705433746,0,0.0185891325071497]},"NEW":{"old_value":["NEW","NEW","NEW","0","NEW","NEW","NEW","NEW","NEW"],"new_value":["ASSIGNED","CLOSED","MODIFIED","NEW","ON_DEV","ON_QA","POST","RELEASE_PENDING","VERIFIED"],"issue":[963,1435,317,0,9,78,1052,1,5],"f":[0.249481865284974,0.371761658031088,0.0821243523316062,0,0.00233160621761658,0.0202072538860104,0.272538860103627,0.000259067357512953,0.00129533678756477]},"ON_DEV":{"old_value":["ON_DEV","ON_DEV","ON_DEV","0","0","ON_DEV","ON_DEV","0","0"],"new_value":["ASSIGNED","CLOSED","MODIFIED","NEW","ON_DEV","ON_QA","POST","RELEASE_PENDING","VERIFIED"],"issue":[3,2,18,0,0,11,9,0,0],"f":[0.0697674418604651,0.0465116279069767,0.418604651162791,0,0,0.255813953488372,0.209302325581395,0,0]},"ON_QA":{"old_value":["ON_QA","ON_QA","ON_QA","ON_QA","ON_QA","0","ON_QA","0","ON_QA"],"new_value":["ASSIGNED","CLOSED","MODIFIED","NEW","ON_DEV","ON_QA","POST","RELEASE_PENDING","VERIFIED"],"issue":[72,755,82,6,1,0,15,0,532],"f":[0.0492139439507861,0.516062884483937,0.0560492139439508,0.00410116199589884,0.000683526999316473,0,0.0102529049897471,0,0.363636363636364]},"POST":{"old_value":["POST","POST","POST","POST","POST","POST","0","0","POST"],"new_value":["ASSIGNED","CLOSED","MODIFIED","NEW","ON_DEV","ON_QA","POST","RELEASE_PENDING","VERIFIED"],"issue":[35,157,1395,24,12,62,0,0,11],"f":[0.0206367924528302,0.0925707547169811,0.82252358490566,0.0141509433962264,0.00707547169811321,0.0365566037735849,0,0,0.00648584905660377]},"RELEASE_PENDING":{"old_value":["0","0","RELEASE_PENDING","0","0","0","0","0","0"],"new_value":["ASSIGNED","CLOSED","MODIFIED","NEW","ON_DEV","ON_QA","POST","RELEASE_PENDING","VERIFIED"],"issue":[0,0,1,0,0,0,0,0,0],"f":[0,0,1,0,0,0,0,0,0]},"VERIFIED":{"old_value":["VERIFIED","VERIFIED","VERIFIED","VERIFIED","0","VERIFIED","VERIFIED","0","0"],"new_value":["ASSIGNED","CLOSED","MODIFIED","NEW","ON_DEV","ON_QA","POST","RELEASE_PENDING","VERIFIED"],"issue":[4,375,1,1,0,10,1,0,0],"f":[0.0102040816326531,0.956632653061224,0.00255102040816327,0.00255102040816327,0,0.0255102040816327,0.00255102040816327,0,0]}}