{"ASSIGNED":{"old_value":["0","ASSIGNED","ASSIGNED","ASSIGNED","ASSIGNED","ASSIGNED","ASSIGNED","0","ASSIGNED"],"new_value":["ASSIGNED","CLOSED","MODIFIED","NEW","ON_DEV","ON_QA","POST","RELEASE_PENDING","VERIFIED"],"issue":[0,160,282,64,20,28,358,0,4],"f":[0,0.174672489082969,0.307860262008734,0.0698689956331878,0.0218340611353712,0.0305676855895196,0.390829694323144,0,0.00436681222707424]},"CLOSED":{"old_value":["CLOSED","0","CLOSED","CLOSED","0","CLOSED","0","0","0"],"new_value":["ASSIGNED","CLOSED","MODIFIED","NEW","ON_DEV","ON_QA","POST","RELEASE_PENDING","VERIFIED"],"issue":[96,0,2,17,0,4,0,0,0],"f":[0.80672268907563,0,0.0168067226890756,0.142857142857143,0,0.0336134453781513,0,0,0]},"MODIFIED":{"old_value":["MODIFIED","MODIFIED","0","MODIFIED","MODIFIED","MODIFIED","MODIFIED","0","MODIFIED"],"new_value":["ASSIGNED","CLOSED","MODIFIED","NEW","ON_DEV","ON_QA","POST","RELEASE_PENDING","VERIFIED"],"issue":[13,198,0,2,1,935,134,0,33],"f":[0.00987841945288754,0.150455927051672,0,0.00151975683890578,0.000759878419452888,0.71048632218845,0.101823708206687,0,0.0250759878419453]},"NEW":{"old_value":["NEW","NEW","NEW","0","NEW","NEW","NEW","NEW","NEW"],"new_value":["ASSIGNED","CLOSED","MODIFIED","NEW","ON_DEV","ON_QA","POST","RELEASE_PENDING","VERIFIED"],"issue":[775,1061,205,0,9,52,603,1,4],"f":[0.285977859778598,0.391512915129151,0.0756457564575646,0,0.0033210332103321,0.0191881918819188,0.222509225092251,0.0003690036900369,0.0014760147601476]},"ON_DEV":{"old_value":["ON_DEV","ON_DEV","ON_DEV","0","0","ON_DEV","ON_DEV","0","0"],"new_value":["ASSIGNED","CLOSED","MODIFIED","NEW","ON_DEV","ON_QA","POST","RELEASE_PENDING","VERIFIED"],"issue":[3,2,18,0,0,11,9,0,0],"f":[0.0697674418604651,0.0465116279069767,0.418604651162791,0,0,0.255813953488372,0.209302325581395,0,0]},"ON_QA":{"old_value":["ON_QA","ON_QA","ON_QA","ON_QA","ON_QA","0","ON_QA","0","ON_QA"],"new_value":["ASSIGNED","CLOSED","MODIFIED","NEW","ON_DEV","ON_QA","POST","RELEASE_PENDING","VERIFIED"],"issue":[31,655,39,2,1,0,7,0,210],"f":[0.0328042328042328,0.693121693121693,0.0412698412698413,0.00211640211640212,0.00105820105820106,0,0.00740740740740741,0,0.222222222222222]},"POST":{"old_value":["POST","POST","POST","POST","POST","POST","0","0","POST"],"new_value":["ASSIGNED","CLOSED","MODIFIED","NEW","ON_DEV","ON_QA","POST","RELEASE_PENDING","VERIFIED"],"issue":[17,103,762,12,12,42,0,0,11],"f":[0.0177267987486966,0.10740354535975,0.794577685088634,0.0125130344108446,0.0125130344108446,0.0437956204379562,0,0,0.0114702815432742]},"RELEASE_PENDING":{"old_value":["0","0","RELEASE_PENDING","0","0","0","0","0","0"],"new_value":["ASSIGNED","CLOSED","MODIFIED","NEW","ON_DEV","ON_QA","POST","RELEASE_PENDING","VERIFIED"],"issue":[0,0,1,0,0,0,0,0,0],"f":[0,0,1,0,0,0,0,0,0]},"VERIFIED":{"old_value":["VERIFIED","VERIFIED","VERIFIED","VERIFIED","0","VERIFIED","VERIFIED","0","0"],"new_value":["ASSIGNED","CLOSED","MODIFIED","NEW","ON_DEV","ON_QA","POST","RELEASE_PENDING","VERIFIED"],"issue":[2,93,1,1,0,3,1,0,0],"f":[0.0198019801980198,0.920792079207921,0.0099009900990099,0.0099009900990099,0,0.0297029702970297,0.0099009900990099,0,0]}}