{"ASSIGNED":{"old_value":["0","ASSIGNED","ASSIGNED","ASSIGNED","ASSIGNED","ASSIGNED","ASSIGNED","0","ASSIGNED"],"new_value":["ASSIGNED","CLOSED","MODIFIED","NEW","ON_DEV","ON_QA","POST","RELEASE_PENDING","VERIFIED"],"issue":[0,196,325,72,20,48,513,0,5],"f":[0,0.166242578456319,0.275657336726039,0.0610687022900763,0.0169635284139101,0.0407124681933842,0.435114503816794,0,0.00424088210347752]},"CLOSED":{"old_value":["CLOSED","0","CLOSED","CLOSED","0","CLOSED","CLOSED","0","0"],"new_value":["ASSIGNED","CLOSED","MODIFIED","NEW","ON_DEV","ON_QA","POST","RELEASE_PENDING","VERIFIED"],"issue":[111,0,5,40,0,8,2,0,0],"f":[0.668674698795181,0,0.0301204819277108,0.240963855421687,0,0.0481927710843374,0.0120481927710843,0,0]},"MODIFIED":{"old_value":["MODIFIED","MODIFIED","0","MODIFIED","MODIFIED","MODIFIED","MODIFIED","0","MODIFIED"],"new_value":["ASSIGNED","CLOSED","MODIFIED","NEW","ON_DEV","ON_QA","POST","RELEASE_PENDING","VERIFIED"],"issue":[26,373,0,5,1,1325,264,0,39],"f":[0.0127889818002951,0.183472700442696,0,0.00245941957697983,0.000491883915395967,0.651746187899656,0.129857353664535,0,0.0191834727004427]},"NEW":{"old_value":["NEW","NEW","NEW","0","NEW","NEW","NEW","NEW","NEW"],"new_value":["ASSIGNED","CLOSED","MODIFIED","NEW","ON_DEV","ON_QA","POST","RELEASE_PENDING","VERIFIED"],"issue":[948,1372,305,0,9,76,998,1,5],"f":[0.255250403877221,0.369413031771675,0.0821217016693592,0,0.0024232633279483,0.020463112547119,0.268712977921379,0.000269251480883145,0.00134625740441572]},"ON_DEV":{"old_value":["ON_DEV","ON_DEV","ON_DEV","0","0","ON_DEV","ON_DEV","0","0"],"new_value":["ASSIGNED","CLOSED","MODIFIED","NEW","ON_DEV","ON_QA","POST","RELEASE_PENDING","VERIFIED"],"issue":[3,2,18,0,0,11,9,0,0],"f":[0.0697674418604651,0.0465116279069767,0.418604651162791,0,0,0.255813953488372,0.209302325581395,0,0]},"ON_QA":{"old_value":["ON_QA","ON_QA","ON_QA","ON_QA","ON_QA","0","ON_QA","0","ON_QA"],"new_value":["ASSIGNED","CLOSED","MODIFIED","NEW","ON_DEV","ON_QA","POST","RELEASE_PENDING","VERIFIED"],"issue":[59,745,82,6,1,0,14,0,444],"f":[0.0436713545521836,0.551443375277572,0.0606957809030348,0.00444115470022206,0.00074019245003701,0,0.0103626943005181,0,0.328645447816432]},"POST":{"old_value":["POST","POST","POST","POST","POST","POST","0","0","POST"],"new_value":["ASSIGNED","CLOSED","MODIFIED","NEW","ON_DEV","ON_QA","POST","RELEASE_PENDING","VERIFIED"],"issue":[35,157,1319,23,12,61,0,0,11],"f":[0.0216316440049444,0.0970333745364648,0.815203955500618,0.0142150803461063,0.00741656365883807,0.0377008652657602,0,0,0.00679851668726823]},"RELEASE_PENDING":{"old_value":["0","0","RELEASE_PENDING","0","0","0","0","0","0"],"new_value":["ASSIGNED","CLOSED","MODIFIED","NEW","ON_DEV","ON_QA","POST","RELEASE_PENDING","VERIFIED"],"issue":[0,0,1,0,0,0,0,0,0],"f":[0,0,1,0,0,0,0,0,0]},"VERIFIED":{"old_value":["VERIFIED","VERIFIED","VERIFIED","VERIFIED","0","VERIFIED","VERIFIED","0","0"],"new_value":["ASSIGNED","CLOSED","MODIFIED","NEW","ON_DEV","ON_QA","POST","RELEASE_PENDING","VERIFIED"],"issue":[4,375,1,1,0,10,1,0,0],"f":[0.0102040816326531,0.956632653061224,0.00255102040816327,0.00255102040816327,0,0.0255102040816327,0.00255102040816327,0,0]}}