{"ASSIGNED":{"old_value":["0","ASSIGNED","ASSIGNED","ASSIGNED","ASSIGNED","ASSIGNED","ASSIGNED","0","ASSIGNED"],"new_value":["ASSIGNED","CLOSED","MODIFIED","NEW","ON_DEV","ON_QA","POST","RELEASE_PENDING","VERIFIED"],"issue":[0,146,277,60,20,22,289,0,4],"f":[0,0.178484107579462,0.338630806845966,0.0733496332518337,0.0244498777506112,0.0268948655256724,0.353300733496333,0,0.00488997555012225]},"CLOSED":{"old_value":["CLOSED","0","CLOSED","CLOSED","0","CLOSED","0","0","0"],"new_value":["ASSIGNED","CLOSED","MODIFIED","NEW","ON_DEV","ON_QA","POST","RELEASE_PENDING","VERIFIED"],"issue":[93,0,2,10,0,2,0,0,0],"f":[0.869158878504673,0,0.0186915887850467,0.0934579439252336,0,0.0186915887850467,0,0,0]},"MODIFIED":{"old_value":["MODIFIED","MODIFIED","0","MODIFIED","MODIFIED","MODIFIED","MODIFIED","0","MODIFIED"],"new_value":["ASSIGNED","CLOSED","MODIFIED","NEW","ON_DEV","ON_QA","POST","RELEASE_PENDING","VERIFIED"],"issue":[13,198,0,2,1,748,72,0,33],"f":[0.0121836925960637,0.185567010309278,0,0.00187441424554827,0.000937207122774133,0.701030927835051,0.0674789128397376,0,0.0309278350515464]},"NEW":{"old_value":["NEW","NEW","NEW","0","NEW","NEW","NEW","NEW","NEW"],"new_value":["ASSIGNED","CLOSED","MODIFIED","NEW","ON_DEV","ON_QA","POST","RELEASE_PENDING","VERIFIED"],"issue":[700,972,189,0,9,40,480,1,4],"f":[0.292275574112735,0.405845511482255,0.0789144050104384,0,0.00375782881002088,0.0167014613778706,0.200417536534447,0.000417536534446764,0.00167014613778706]},"ON_DEV":{"old_value":["ON_DEV","ON_DEV","ON_DEV","0","0","ON_DEV","ON_DEV","0","0"],"new_value":["ASSIGNED","CLOSED","MODIFIED","NEW","ON_DEV","ON_QA","POST","RELEASE_PENDING","VERIFIED"],"issue":[3,2,18,0,0,11,9,0,0],"f":[0.0697674418604651,0.0465116279069767,0.418604651162791,0,0,0.255813953488372,0.209302325581395,0,0]},"ON_QA":{"old_value":["ON_QA","ON_QA","ON_QA","0","ON_QA","0","ON_QA","0","ON_QA"],"new_value":["ASSIGNED","CLOSED","MODIFIED","NEW","ON_DEV","ON_QA","POST","RELEASE_PENDING","VERIFIED"],"issue":[12,636,32,0,1,0,5,0,63],"f":[0.0160213618157543,0.84913217623498,0.0427236315086782,0,0.00133511348464619,0,0.00667556742323097,0,0.0841121495327103]},"POST":{"old_value":["POST","POST","POST","POST","POST","POST","0","0","POST"],"new_value":["ASSIGNED","CLOSED","MODIFIED","NEW","ON_DEV","ON_QA","POST","RELEASE_PENDING","VERIFIED"],"issue":[13,100,563,8,12,39,0,0,11],"f":[0.017426273458445,0.134048257372654,0.754691689008043,0.0107238605898123,0.0160857908847185,0.0522788203753351,0,0,0.014745308310992]},"RELEASE_PENDING":{"old_value":["0","0","RELEASE_PENDING","0","0","0","0","0","0"],"new_value":["ASSIGNED","CLOSED","MODIFIED","NEW","ON_DEV","ON_QA","POST","RELEASE_PENDING","VERIFIED"],"issue":[0,0,1,0,0,0,0,0,0],"f":[0,0,1,0,0,0,0,0,0]},"VERIFIED":{"old_value":["0","VERIFIED","VERIFIED","VERIFIED","0","VERIFIED","VERIFIED","0","0"],"new_value":["ASSIGNED","CLOSED","MODIFIED","NEW","ON_DEV","ON_QA","POST","RELEASE_PENDING","VERIFIED"],"issue":[0,93,1,1,0,1,1,0,0],"f":[0,0.958762886597938,0.0103092783505155,0.0103092783505155,0,0.0103092783505155,0.0103092783505155,0,0]}}