{"ASSIGNED":{"old_value":["0","ASSIGNED","ASSIGNED","ASSIGNED","ASSIGNED","ASSIGNED","ASSIGNED","0","ASSIGNED"],"new_value":["ASSIGNED","CLOSED","MODIFIED","NEW","ON_DEV","ON_QA","POST","RELEASE_PENDING","VERIFIED"],"issue":[0,228,348,83,20,64,639,0,7],"f":[0,0.16414686825054,0.250539956803456,0.0597552195824334,0.0143988480921526,0.0460763138948884,0.460043196544276,0,0.00503959683225342]},"CLOSED":{"old_value":["CLOSED","0","CLOSED","CLOSED","0","CLOSED","CLOSED","0","0"],"new_value":["ASSIGNED","CLOSED","MODIFIED","NEW","ON_DEV","ON_QA","POST","RELEASE_PENDING","VERIFIED"],"issue":[124,0,6,50,0,9,2,0,0],"f":[0.649214659685864,0,0.031413612565445,0.261780104712042,0,0.0471204188481675,0.0104712041884817,0,0]},"MODIFIED":{"old_value":["MODIFIED","MODIFIED","0","MODIFIED","MODIFIED","MODIFIED","MODIFIED","0","MODIFIED"],"new_value":["ASSIGNED","CLOSED","MODIFIED","NEW","ON_DEV","ON_QA","POST","RELEASE_PENDING","VERIFIED"],"issue":[31,515,0,6,1,1726,315,0,46],"f":[0.0117424242424242,0.195075757575758,0,0.00227272727272727,0.000378787878787879,0.653787878787879,0.119318181818182,0,0.0174242424242424]},"NEW":{"old_value":["NEW","NEW","NEW","0","NEW","NEW","NEW","NEW","NEW"],"new_value":["ASSIGNED","CLOSED","MODIFIED","NEW","ON_DEV","ON_QA","POST","RELEASE_PENDING","VERIFIED"],"issue":[1069,1654,362,0,9,101,1369,1,6],"f":[0.233865674907023,0.361846423102166,0.0791949245241741,0,0.00196893458761759,0.0220958214832641,0.299496827827609,0.000218770509735288,0.00131262305841173]},"ON_DEV":{"old_value":["ON_DEV","ON_DEV","ON_DEV","0","0","ON_DEV","ON_DEV","0","0"],"new_value":["ASSIGNED","CLOSED","MODIFIED","NEW","ON_DEV","ON_QA","POST","RELEASE_PENDING","VERIFIED"],"issue":[3,2,18,0,0,11,9,0,0],"f":[0.0697674418604651,0.0465116279069767,0.418604651162791,0,0,0.255813953488372,0.209302325581395,0,0]},"ON_QA":{"old_value":["ON_QA","ON_QA","ON_QA","ON_QA","ON_QA","0","ON_QA","0","ON_QA"],"new_value":["ASSIGNED","CLOSED","MODIFIED","NEW","ON_DEV","ON_QA","POST","RELEASE_PENDING","VERIFIED"],"issue":[87,917,96,10,1,0,18,0,853],"f":[0.0438950554994955,0.462663975782038,0.0484359233097881,0.00504540867810293,0.000504540867810293,0,0.00908173562058527,0,0.43037336024218]},"POST":{"old_value":["POST","POST","POST","POST","POST","POST","0","0","POST"],"new_value":["ASSIGNED","CLOSED","MODIFIED","NEW","ON_DEV","ON_QA","POST","RELEASE_PENDING","VERIFIED"],"issue":[43,172,1847,31,12,70,0,0,13],"f":[0.0196526508226691,0.0786106032906764,0.844149908592322,0.0141681901279707,0.00548446069469835,0.0319926873857404,0,0,0.00594149908592322]},"RELEASE_PENDING":{"old_value":["0","0","RELEASE_PENDING","0","0","0","0","0","0"],"new_value":["ASSIGNED","CLOSED","MODIFIED","NEW","ON_DEV","ON_QA","POST","RELEASE_PENDING","VERIFIED"],"issue":[0,0,1,0,0,0,0,0,0],"f":[0,0,1,0,0,0,0,0,0]},"VERIFIED":{"old_value":["VERIFIED","VERIFIED","VERIFIED","VERIFIED","0","VERIFIED","VERIFIED","0","0"],"new_value":["ASSIGNED","CLOSED","MODIFIED","NEW","ON_DEV","ON_QA","POST","RELEASE_PENDING","VERIFIED"],"issue":[9,869,2,2,0,17,1,0,0],"f":[0.01,0.965555555555556,0.00222222222222222,0.00222222222222222,0,0.0188888888888889,0.00111111111111111,0,0]}}