{"ASSIGNED":{"old_value":["0","ASSIGNED","ASSIGNED","ASSIGNED","ASSIGNED","ASSIGNED","ASSIGNED","0","ASSIGNED"],"new_value":["ASSIGNED","CLOSED","MODIFIED","NEW","ON_DEV","ON_QA","POST","RELEASE_PENDING","VERIFIED"],"issue":[0,218,334,82,20,60,594,0,7],"f":[0,0.165779467680608,0.253992395437262,0.0623574144486692,0.0152091254752852,0.0456273764258555,0.45171102661597,0,0.00532319391634981]},"CLOSED":{"old_value":["CLOSED","0","CLOSED","CLOSED","0","CLOSED","CLOSED","0","0"],"new_value":["ASSIGNED","CLOSED","MODIFIED","NEW","ON_DEV","ON_QA","POST","RELEASE_PENDING","VERIFIED"],"issue":[122,0,5,46,0,9,2,0,0],"f":[0.66304347826087,0,0.0271739130434783,0.25,0,0.0489130434782609,0.0108695652173913,0,0]},"MODIFIED":{"old_value":["MODIFIED","MODIFIED","0","MODIFIED","MODIFIED","MODIFIED","MODIFIED","0","MODIFIED"],"new_value":["ASSIGNED","CLOSED","MODIFIED","NEW","ON_DEV","ON_QA","POST","RELEASE_PENDING","VERIFIED"],"issue":[28,378,0,6,1,1658,301,0,44],"f":[0.0115894039735099,0.156456953642384,0,0.00248344370860927,0.000413907284768212,0.686258278145695,0.124586092715232,0,0.0182119205298013]},"NEW":{"old_value":["NEW","NEW","NEW","0","NEW","NEW","NEW","NEW","NEW"],"new_value":["ASSIGNED","CLOSED","MODIFIED","NEW","ON_DEV","ON_QA","POST","RELEASE_PENDING","VERIFIED"],"issue":[1023,1572,350,0,9,95,1259,1,6],"f":[0.237079953650058,0.364310544611819,0.0811123986095017,0,0.00208574739281576,0.0220162224797219,0.291772885283893,0.000231749710312862,0.00139049826187717]},"ON_DEV":{"old_value":["ON_DEV","ON_DEV","ON_DEV","0","0","ON_DEV","ON_DEV","0","0"],"new_value":["ASSIGNED","CLOSED","MODIFIED","NEW","ON_DEV","ON_QA","POST","RELEASE_PENDING","VERIFIED"],"issue":[3,2,18,0,0,11,9,0,0],"f":[0.0697674418604651,0.0465116279069767,0.418604651162791,0,0,0.255813953488372,0.209302325581395,0,0]},"ON_QA":{"old_value":["ON_QA","ON_QA","ON_QA","ON_QA","ON_QA","0","ON_QA","0","ON_QA"],"new_value":["ASSIGNED","CLOSED","MODIFIED","NEW","ON_DEV","ON_QA","POST","RELEASE_PENDING","VERIFIED"],"issue":[83,791,95,9,1,0,18,0,777],"f":[0.0467869222096956,0.445885005636979,0.0535512965050733,0.00507328072153326,0.00056369785794814,0,0.0101465614430665,0,0.437993235625705]},"POST":{"old_value":["POST","POST","POST","POST","POST","POST","0","0","POST"],"new_value":["ASSIGNED","CLOSED","MODIFIED","NEW","ON_DEV","ON_QA","POST","RELEASE_PENDING","VERIFIED"],"issue":[41,163,1707,29,12,69,0,0,11],"f":[0.0201771653543307,0.0802165354330709,0.84005905511811,0.0142716535433071,0.00590551181102362,0.0339566929133858,0,0,0.00541338582677165]},"RELEASE_PENDING":{"old_value":["0","0","RELEASE_PENDING","0","0","0","0","0","0"],"new_value":["ASSIGNED","CLOSED","MODIFIED","NEW","ON_DEV","ON_QA","POST","RELEASE_PENDING","VERIFIED"],"issue":[0,0,1,0,0,0,0,0,0],"f":[0,0,1,0,0,0,0,0,0]},"VERIFIED":{"old_value":["VERIFIED","VERIFIED","VERIFIED","VERIFIED","0","VERIFIED","VERIFIED","0","0"],"new_value":["ASSIGNED","CLOSED","MODIFIED","NEW","ON_DEV","ON_QA","POST","RELEASE_PENDING","VERIFIED"],"issue":[8,381,2,2,0,14,1,0,0],"f":[0.0196078431372549,0.933823529411765,0.00490196078431373,0.00490196078431373,0,0.0343137254901961,0.00245098039215686,0,0]}}