{"ASSIGNED":{"old_value":["0","ASSIGNED","ASSIGNED","ASSIGNED","ASSIGNED","ASSIGNED","ASSIGNED","0","ASSIGNED"],"new_value":["ASSIGNED","CLOSED","MODIFIED","NEW","ON_DEV","ON_QA","POST","RELEASE_PENDING","VERIFIED"],"issue":[0,202,328,74,20,50,527,0,5],"f":[0,0.167495854063018,0.271973466003317,0.0613598673300166,0.0165837479270315,0.0414593698175788,0.43698175787728,0,0.00414593698175788]},"CLOSED":{"old_value":["CLOSED","0","CLOSED","CLOSED","0","CLOSED","CLOSED","0","0"],"new_value":["ASSIGNED","CLOSED","MODIFIED","NEW","ON_DEV","ON_QA","POST","RELEASE_PENDING","VERIFIED"],"issue":[113,0,5,42,0,9,2,0,0],"f":[0.660818713450292,0,0.0292397660818713,0.245614035087719,0,0.0526315789473684,0.0116959064327485,0,0]},"MODIFIED":{"old_value":["MODIFIED","MODIFIED","0","MODIFIED","MODIFIED","MODIFIED","MODIFIED","0","MODIFIED"],"new_value":["ASSIGNED","CLOSED","MODIFIED","NEW","ON_DEV","ON_QA","POST","RELEASE_PENDING","VERIFIED"],"issue":[26,375,0,5,1,1384,266,0,39],"f":[0.0124045801526718,0.178912213740458,0,0.00238549618320611,0.000477099236641221,0.66030534351145,0.126908396946565,0,0.0186068702290076]},"NEW":{"old_value":["NEW","NEW","NEW","0","NEW","NEW","NEW","NEW","NEW"],"new_value":["ASSIGNED","CLOSED","MODIFIED","NEW","ON_DEV","ON_QA","POST","RELEASE_PENDING","VERIFIED"],"issue":[960,1434,315,0,9,78,1048,1,5],"f":[0.249350649350649,0.372467532467532,0.0818181818181818,0,0.00233766233766234,0.0202597402597403,0.272207792207792,0.00025974025974026,0.0012987012987013]},"ON_DEV":{"old_value":["ON_DEV","ON_DEV","ON_DEV","0","0","ON_DEV","ON_DEV","0","0"],"new_value":["ASSIGNED","CLOSED","MODIFIED","NEW","ON_DEV","ON_QA","POST","RELEASE_PENDING","VERIFIED"],"issue":[3,2,18,0,0,11,9,0,0],"f":[0.0697674418604651,0.0465116279069767,0.418604651162791,0,0,0.255813953488372,0.209302325581395,0,0]},"ON_QA":{"old_value":["ON_QA","ON_QA","ON_QA","ON_QA","ON_QA","0","ON_QA","0","ON_QA"],"new_value":["ASSIGNED","CLOSED","MODIFIED","NEW","ON_DEV","ON_QA","POST","RELEASE_PENDING","VERIFIED"],"issue":[71,748,82,6,1,0,15,0,528],"f":[0.0489317711922812,0.515506547208821,0.056512749827705,0.00413507925568573,0.000689179875947622,0,0.0103376981392143,0,0.363886974500345]},"POST":{"old_value":["POST","POST","POST","POST","POST","POST","0","0","POST"],"new_value":["ASSIGNED","CLOSED","MODIFIED","NEW","ON_DEV","ON_QA","POST","RELEASE_PENDING","VERIFIED"],"issue":[35,157,1392,24,12,62,0,0,11],"f":[0.0206733608978145,0.0927347903130537,0.822209096278795,0.0141760189013585,0.00708800945067927,0.0366213821618429,0,0,0.006497341996456]},"RELEASE_PENDING":{"old_value":["0","0","RELEASE_PENDING","0","0","0","0","0","0"],"new_value":["ASSIGNED","CLOSED","MODIFIED","NEW","ON_DEV","ON_QA","POST","RELEASE_PENDING","VERIFIED"],"issue":[0,0,1,0,0,0,0,0,0],"f":[0,0,1,0,0,0,0,0,0]},"VERIFIED":{"old_value":["VERIFIED","VERIFIED","VERIFIED","VERIFIED","0","VERIFIED","VERIFIED","0","0"],"new_value":["ASSIGNED","CLOSED","MODIFIED","NEW","ON_DEV","ON_QA","POST","RELEASE_PENDING","VERIFIED"],"issue":[4,375,1,1,0,10,1,0,0],"f":[0.0102040816326531,0.956632653061224,0.00255102040816327,0.00255102040816327,0,0.0255102040816327,0.00255102040816327,0,0]}}