{"data":{"years":[2008,2009,2010,2011,2012,2013,2014],"X0.99":[190072.77,1963972.5,1846240.14,1152305.7,913269.8,469359.08,75126.4799999999],"X0.95":[182419.85,1647585.5,1811565.7,905834,682898.549999999,391654.8,58736.8],"X0.5":[96324.5,1233724,1330472,524014,283615,87718,7959],"X0.25":[48493.75,402466.5,1125376.5,375549.5,109446.75,24803,1114.5]},"labels":[0.99,0.95,0.5,0.25]}