{"ASSIGNED":{"old_value":["0","ASSIGNED","ASSIGNED","ASSIGNED","ASSIGNED","ASSIGNED","ASSIGNED","0","ASSIGNED"],"new_value":["ASSIGNED","CLOSED","MODIFIED","NEW","ON_DEV","ON_QA","POST","RELEASE_PENDING","VERIFIED"],"issue":[0,186,303,70,20,41,460,0,5],"f":[0,0.171428571428571,0.27926267281106,0.0645161290322581,0.0184331797235023,0.0377880184331797,0.423963133640553,0,0.00460829493087558]},"CLOSED":{"old_value":["CLOSED","0","CLOSED","CLOSED","0","CLOSED","CLOSED","0","0"],"new_value":["ASSIGNED","CLOSED","MODIFIED","NEW","ON_DEV","ON_QA","POST","RELEASE_PENDING","VERIFIED"],"issue":[106,0,3,26,0,7,1,0,0],"f":[0.741258741258741,0,0.020979020979021,0.181818181818182,0,0.048951048951049,0.00699300699300699,0,0]},"MODIFIED":{"old_value":["MODIFIED","MODIFIED","0","MODIFIED","MODIFIED","MODIFIED","MODIFIED","0","MODIFIED"],"new_value":["ASSIGNED","CLOSED","MODIFIED","NEW","ON_DEV","ON_QA","POST","RELEASE_PENDING","VERIFIED"],"issue":[20,362,0,4,1,1119,221,0,37],"f":[0.0113378684807256,0.205215419501134,0,0.00226757369614512,0.000566893424036281,0.634353741496599,0.125283446712018,0,0.0209750566893424]},"NEW":{"old_value":["NEW","NEW","NEW","0","NEW","NEW","NEW","NEW","NEW"],"new_value":["ASSIGNED","CLOSED","MODIFIED","NEW","ON_DEV","ON_QA","POST","RELEASE_PENDING","VERIFIED"],"issue":[891,1252,251,0,9,64,843,1,5],"f":[0.268697225572979,0.377563329312425,0.0756936067551267,0,0.00271411338962606,0.0193003618817853,0.254221954161641,0.000301568154402895,0.00150784077201448]},"ON_DEV":{"old_value":["ON_DEV","ON_DEV","ON_DEV","0","0","ON_DEV","ON_DEV","0","0"],"new_value":["ASSIGNED","CLOSED","MODIFIED","NEW","ON_DEV","ON_QA","POST","RELEASE_PENDING","VERIFIED"],"issue":[3,2,18,0,0,11,9,0,0],"f":[0.0697674418604651,0.0465116279069767,0.418604651162791,0,0,0.255813953488372,0.209302325581395,0,0]},"ON_QA":{"old_value":["ON_QA","ON_QA","ON_QA","ON_QA","ON_QA","0","ON_QA","0","ON_QA"],"new_value":["ASSIGNED","CLOSED","MODIFIED","NEW","ON_DEV","ON_QA","POST","RELEASE_PENDING","VERIFIED"],"issue":[47,741,77,5,1,0,10,0,337],"f":[0.0385878489326765,0.608374384236453,0.0632183908045977,0.00410509031198686,0.000821018062397373,0,0.00821018062397373,0,0.276683087027915]},"POST":{"old_value":["POST","POST","POST","POST","POST","POST","0","0","POST"],"new_value":["ASSIGNED","CLOSED","MODIFIED","NEW","ON_DEV","ON_QA","POST","RELEASE_PENDING","VERIFIED"],"issue":[26,153,1125,20,12,50,0,0,11],"f":[0.0186113099498926,0.109520400858984,0.805297065139585,0.0143163922691482,0.00858983536148891,0.0357909806728704,0,0,0.0078740157480315]},"RELEASE_PENDING":{"old_value":["0","0","RELEASE_PENDING","0","0","0","0","0","0"],"new_value":["ASSIGNED","CLOSED","MODIFIED","NEW","ON_DEV","ON_QA","POST","RELEASE_PENDING","VERIFIED"],"issue":[0,0,1,0,0,0,0,0,0],"f":[0,0,1,0,0,0,0,0,0]},"VERIFIED":{"old_value":["VERIFIED","VERIFIED","VERIFIED","VERIFIED","0","VERIFIED","VERIFIED","0","0"],"new_value":["ASSIGNED","CLOSED","MODIFIED","NEW","ON_DEV","ON_QA","POST","RELEASE_PENDING","VERIFIED"],"issue":[4,372,1,1,0,7,1,0,0],"f":[0.0103626943005181,0.963730569948187,0.00259067357512953,0.00259067357512953,0,0.0181347150259067,0.00259067357512953,0,0]}}