{"ASSIGNED":{"old_value":["0","ASSIGNED","ASSIGNED","ASSIGNED","ASSIGNED","ASSIGNED","ASSIGNED","0","ASSIGNED"],"new_value":["ASSIGNED","CLOSED","MODIFIED","NEW","ON_DEV","ON_QA","POST","RELEASE_PENDING","VERIFIED"],"issue":[0,222,335,82,20,64,613,0,7],"f":[0,0.16530156366344,0.249441548771407,0.0610573343261355,0.0148920327624721,0.0476545048399106,0.456440804169769,0,0.00521221146686523]},"CLOSED":{"old_value":["CLOSED","0","CLOSED","CLOSED","0","CLOSED","CLOSED","0","0"],"new_value":["ASSIGNED","CLOSED","MODIFIED","NEW","ON_DEV","ON_QA","POST","RELEASE_PENDING","VERIFIED"],"issue":[122,0,5,48,0,9,2,0,0],"f":[0.655913978494624,0,0.0268817204301075,0.258064516129032,0,0.0483870967741935,0.010752688172043,0,0]},"MODIFIED":{"old_value":["MODIFIED","MODIFIED","0","MODIFIED","MODIFIED","MODIFIED","MODIFIED","0","MODIFIED"],"new_value":["ASSIGNED","CLOSED","MODIFIED","NEW","ON_DEV","ON_QA","POST","RELEASE_PENDING","VERIFIED"],"issue":[28,512,0,6,1,1700,307,0,45],"f":[0.0107733743747595,0.196998845709888,0,0.00230858022316275,0.000384763370527126,0.654097729896114,0.118122354751828,0,0.0173143516737207]},"NEW":{"old_value":["NEW","NEW","NEW","0","NEW","NEW","NEW","NEW","NEW"],"new_value":["ASSIGNED","CLOSED","MODIFIED","NEW","ON_DEV","ON_QA","POST","RELEASE_PENDING","VERIFIED"],"issue":[1039,1588,355,0,9,97,1292,1,6],"f":[0.236836106678824,0.361978573056759,0.0809209026669706,0,0.00205151584226123,0.0221107818554821,0.294506496466834,0.000227946204695692,0.00136767722817415]},"ON_DEV":{"old_value":["ON_DEV","ON_DEV","ON_DEV","0","0","ON_DEV","ON_DEV","0","0"],"new_value":["ASSIGNED","CLOSED","MODIFIED","NEW","ON_DEV","ON_QA","POST","RELEASE_PENDING","VERIFIED"],"issue":[3,2,18,0,0,11,9,0,0],"f":[0.0697674418604651,0.0465116279069767,0.418604651162791,0,0,0.255813953488372,0.209302325581395,0,0]},"ON_QA":{"old_value":["ON_QA","ON_QA","ON_QA","ON_QA","ON_QA","0","ON_QA","0","ON_QA"],"new_value":["ASSIGNED","CLOSED","MODIFIED","NEW","ON_DEV","ON_QA","POST","RELEASE_PENDING","VERIFIED"],"issue":[86,917,95,10,1,0,18,0,834],"f":[0.0438551759306476,0.467618561958185,0.0484446710861805,0.00509943906170321,0.000509943906170321,0,0.00917899031106578,0,0.425293217746048]},"POST":{"old_value":["POST","POST","POST","POST","POST","POST","0","0","POST"],"new_value":["ASSIGNED","CLOSED","MODIFIED","NEW","ON_DEV","ON_QA","POST","RELEASE_PENDING","VERIFIED"],"issue":[42,166,1756,29,12,70,0,0,12],"f":[0.0201245807379013,0.0795400095831337,0.841399137517968,0.0138955438428366,0.00574988021082894,0.0335409678965022,0,0,0.00574988021082894]},"RELEASE_PENDING":{"old_value":["0","0","RELEASE_PENDING","0","0","0","0","0","0"],"new_value":["ASSIGNED","CLOSED","MODIFIED","NEW","ON_DEV","ON_QA","POST","RELEASE_PENDING","VERIFIED"],"issue":[0,0,1,0,0,0,0,0,0],"f":[0,0,1,0,0,0,0,0,0]},"VERIFIED":{"old_value":["VERIFIED","VERIFIED","VERIFIED","VERIFIED","0","VERIFIED","VERIFIED","0","0"],"new_value":["ASSIGNED","CLOSED","MODIFIED","NEW","ON_DEV","ON_QA","POST","RELEASE_PENDING","VERIFIED"],"issue":[9,868,2,2,0,16,1,0,0],"f":[0.010022271714922,0.966592427616927,0.0022271714922049,0.0022271714922049,0,0.0178173719376392,0.00111358574610245,0,0]}}