{"ASSIGNED":{"old_value":["0","ASSIGNED","ASSIGNED","ASSIGNED","ASSIGNED","ASSIGNED","ASSIGNED","0","ASSIGNED"],"new_value":["ASSIGNED","CLOSED","MODIFIED","NEW","ON_DEV","ON_QA","POST","RELEASE_PENDING","VERIFIED"],"issue":[0,162,287,65,20,30,379,0,4],"f":[0,0.171066525871172,0.303062302006336,0.0686378035902851,0.0211193241816262,0.0316789862724393,0.400211193241816,0,0.00422386483632524]},"CLOSED":{"old_value":["CLOSED","0","CLOSED","CLOSED","0","CLOSED","0","0","0"],"new_value":["ASSIGNED","CLOSED","MODIFIED","NEW","ON_DEV","ON_QA","POST","RELEASE_PENDING","VERIFIED"],"issue":[97,0,2,19,0,5,0,0,0],"f":[0.788617886178862,0,0.016260162601626,0.154471544715447,0,0.040650406504065,0,0,0]},"MODIFIED":{"old_value":["MODIFIED","MODIFIED","0","MODIFIED","MODIFIED","MODIFIED","MODIFIED","0","MODIFIED"],"new_value":["ASSIGNED","CLOSED","MODIFIED","NEW","ON_DEV","ON_QA","POST","RELEASE_PENDING","VERIFIED"],"issue":[15,199,0,2,1,962,154,0,34],"f":[0.0109729334308705,0.145574250182882,0,0.00146305779078274,0.000731528895391368,0.703730797366496,0.112655449890271,0,0.0248719824433065]},"NEW":{"old_value":["NEW","NEW","NEW","0","NEW","NEW","NEW","NEW","NEW"],"new_value":["ASSIGNED","CLOSED","MODIFIED","NEW","ON_DEV","ON_QA","POST","RELEASE_PENDING","VERIFIED"],"issue":[804,1089,210,0,9,53,639,1,4],"f":[0.28622285510858,0.387682449270203,0.0747597009611961,0,0.00320398718405126,0.0188679245283019,0.22748309006764,0.000355998576005696,0.00142399430402278]},"ON_DEV":{"old_value":["ON_DEV","ON_DEV","ON_DEV","0","0","ON_DEV","ON_DEV","0","0"],"new_value":["ASSIGNED","CLOSED","MODIFIED","NEW","ON_DEV","ON_QA","POST","RELEASE_PENDING","VERIFIED"],"issue":[3,2,18,0,0,11,9,0,0],"f":[0.0697674418604651,0.0465116279069767,0.418604651162791,0,0,0.255813953488372,0.209302325581395,0,0]},"ON_QA":{"old_value":["ON_QA","ON_QA","ON_QA","ON_QA","ON_QA","0","ON_QA","0","ON_QA"],"new_value":["ASSIGNED","CLOSED","MODIFIED","NEW","ON_DEV","ON_QA","POST","RELEASE_PENDING","VERIFIED"],"issue":[39,655,44,3,1,0,7,0,250],"f":[0.039039039039039,0.655655655655656,0.044044044044044,0.003003003003003,0.001001001001001,0,0.00700700700700701,0,0.25025025025025]},"POST":{"old_value":["POST","POST","POST","POST","POST","POST","0","0","POST"],"new_value":["ASSIGNED","CLOSED","MODIFIED","NEW","ON_DEV","ON_QA","POST","RELEASE_PENDING","VERIFIED"],"issue":[19,104,809,14,12,42,0,0,11],"f":[0.0187932739861523,0.102868447082097,0.800197823936696,0.0138476755687438,0.0118694362017804,0.0415430267062315,0,0,0.0108803165182987]},"RELEASE_PENDING":{"old_value":["0","0","RELEASE_PENDING","0","0","0","0","0","0"],"new_value":["ASSIGNED","CLOSED","MODIFIED","NEW","ON_DEV","ON_QA","POST","RELEASE_PENDING","VERIFIED"],"issue":[0,0,1,0,0,0,0,0,0],"f":[0,0,1,0,0,0,0,0,0]},"VERIFIED":{"old_value":["VERIFIED","VERIFIED","VERIFIED","VERIFIED","0","VERIFIED","VERIFIED","0","0"],"new_value":["ASSIGNED","CLOSED","MODIFIED","NEW","ON_DEV","ON_QA","POST","RELEASE_PENDING","VERIFIED"],"issue":[3,93,1,1,0,4,1,0,0],"f":[0.029126213592233,0.902912621359223,0.00970873786407767,0.00970873786407767,0,0.0388349514563107,0.00970873786407767,0,0]}}