{"ASSIGNED":{"old_value":["0","ASSIGNED","ASSIGNED","ASSIGNED","ASSIGNED","ASSIGNED","ASSIGNED","0","ASSIGNED"],"new_value":["ASSIGNED","CLOSED","MODIFIED","NEW","ON_DEV","ON_QA","POST","RELEASE_PENDING","VERIFIED"],"issue":[0,160,282,65,20,28,363,0,4],"f":[0,0.17353579175705,0.3058568329718,0.0704989154013015,0.0216919739696312,0.0303687635574837,0.393709327548807,0,0.00433839479392625]},"CLOSED":{"old_value":["CLOSED","0","CLOSED","CLOSED","0","CLOSED","0","0","0"],"new_value":["ASSIGNED","CLOSED","MODIFIED","NEW","ON_DEV","ON_QA","POST","RELEASE_PENDING","VERIFIED"],"issue":[97,0,2,17,0,4,0,0,0],"f":[0.808333333333333,0,0.0166666666666667,0.141666666666667,0,0.0333333333333333,0,0,0]},"MODIFIED":{"old_value":["MODIFIED","MODIFIED","0","MODIFIED","MODIFIED","MODIFIED","MODIFIED","0","MODIFIED"],"new_value":["ASSIGNED","CLOSED","MODIFIED","NEW","ON_DEV","ON_QA","POST","RELEASE_PENDING","VERIFIED"],"issue":[14,198,0,2,1,938,139,0,33],"f":[0.0105660377358491,0.149433962264151,0,0.00150943396226415,0.000754716981132075,0.707924528301887,0.104905660377358,0,0.0249056603773585]},"NEW":{"old_value":["NEW","NEW","NEW","0","NEW","NEW","NEW","NEW","NEW"],"new_value":["ASSIGNED","CLOSED","MODIFIED","NEW","ON_DEV","ON_QA","POST","RELEASE_PENDING","VERIFIED"],"issue":[781,1063,206,0,9,52,611,1,4],"f":[0.286395306197286,0.38980564723139,0.0755408874220755,0,0.0033003300330033,0.0190685735240191,0.224055738907224,0.000366703337000367,0.00146681334800147]},"ON_DEV":{"old_value":["ON_DEV","ON_DEV","ON_DEV","0","0","ON_DEV","ON_DEV","0","0"],"new_value":["ASSIGNED","CLOSED","MODIFIED","NEW","ON_DEV","ON_QA","POST","RELEASE_PENDING","VERIFIED"],"issue":[3,2,18,0,0,11,9,0,0],"f":[0.0697674418604651,0.0465116279069767,0.418604651162791,0,0,0.255813953488372,0.209302325581395,0,0]},"ON_QA":{"old_value":["ON_QA","ON_QA","ON_QA","ON_QA","ON_QA","0","ON_QA","0","ON_QA"],"new_value":["ASSIGNED","CLOSED","MODIFIED","NEW","ON_DEV","ON_QA","POST","RELEASE_PENDING","VERIFIED"],"issue":[34,655,39,2,1,0,7,0,226],"f":[0.0352697095435685,0.679460580912863,0.0404564315352697,0.0020746887966805,0.00103734439834025,0,0.00726141078838174,0,0.234439834024896]},"POST":{"old_value":["POST","POST","POST","POST","POST","POST","0","0","POST"],"new_value":["ASSIGNED","CLOSED","MODIFIED","NEW","ON_DEV","ON_QA","POST","RELEASE_PENDING","VERIFIED"],"issue":[17,103,768,12,12,42,0,0,11],"f":[0.0176165803108808,0.106735751295337,0.795854922279793,0.0124352331606218,0.0124352331606218,0.0435233160621762,0,0,0.0113989637305699]},"RELEASE_PENDING":{"old_value":["0","0","RELEASE_PENDING","0","0","0","0","0","0"],"new_value":["ASSIGNED","CLOSED","MODIFIED","NEW","ON_DEV","ON_QA","POST","RELEASE_PENDING","VERIFIED"],"issue":[0,0,1,0,0,0,0,0,0],"f":[0,0,1,0,0,0,0,0,0]},"VERIFIED":{"old_value":["VERIFIED","VERIFIED","VERIFIED","VERIFIED","0","VERIFIED","VERIFIED","0","0"],"new_value":["ASSIGNED","CLOSED","MODIFIED","NEW","ON_DEV","ON_QA","POST","RELEASE_PENDING","VERIFIED"],"issue":[2,93,1,1,0,3,1,0,0],"f":[0.0198019801980198,0.920792079207921,0.0099009900990099,0.0099009900990099,0,0.0297029702970297,0.0099009900990099,0,0]}}