{"ASSIGNED":{"old_value":["0","ASSIGNED","ASSIGNED","ASSIGNED","ASSIGNED","ASSIGNED","ASSIGNED","0","ASSIGNED"],"new_value":["ASSIGNED","CLOSED","MODIFIED","NEW","ON_DEV","ON_QA","POST","RELEASE_PENDING","VERIFIED"],"issue":[0,159,282,63,20,28,349,0,4],"f":[0,0.175690607734807,0.311602209944751,0.0696132596685083,0.0220994475138122,0.030939226519337,0.385635359116022,0,0.00441988950276243]},"CLOSED":{"old_value":["CLOSED","0","CLOSED","CLOSED","0","CLOSED","0","0","0"],"new_value":["ASSIGNED","CLOSED","MODIFIED","NEW","ON_DEV","ON_QA","POST","RELEASE_PENDING","VERIFIED"],"issue":[96,0,2,17,0,4,0,0,0],"f":[0.80672268907563,0,0.0168067226890756,0.142857142857143,0,0.0336134453781513,0,0,0]},"MODIFIED":{"old_value":["MODIFIED","MODIFIED","0","MODIFIED","MODIFIED","MODIFIED","MODIFIED","0","MODIFIED"],"new_value":["ASSIGNED","CLOSED","MODIFIED","NEW","ON_DEV","ON_QA","POST","RELEASE_PENDING","VERIFIED"],"issue":[13,198,0,2,1,890,119,0,33],"f":[0.0103503184713376,0.157643312101911,0,0.00159235668789809,0.000796178343949045,0.70859872611465,0.0947452229299363,0,0.0262738853503185]},"NEW":{"old_value":["NEW","NEW","NEW","0","NEW","NEW","NEW","NEW","NEW"],"new_value":["ASSIGNED","CLOSED","MODIFIED","NEW","ON_DEV","ON_QA","POST","RELEASE_PENDING","VERIFIED"],"issue":[765,1060,204,0,9,52,598,1,4],"f":[0.284069810620126,0.393613070924619,0.0757519494987003,0,0.00334199777200149,0.019309320460453,0.22205718529521,0.000371333085777943,0.00148533234311177]},"ON_DEV":{"old_value":["ON_DEV","ON_DEV","ON_DEV","0","0","ON_DEV","ON_DEV","0","0"],"new_value":["ASSIGNED","CLOSED","MODIFIED","NEW","ON_DEV","ON_QA","POST","RELEASE_PENDING","VERIFIED"],"issue":[3,2,18,0,0,11,9,0,0],"f":[0.0697674418604651,0.0465116279069767,0.418604651162791,0,0,0.255813953488372,0.209302325581395,0,0]},"ON_QA":{"old_value":["ON_QA","ON_QA","ON_QA","ON_QA","ON_QA","0","ON_QA","0","ON_QA"],"new_value":["ASSIGNED","CLOSED","MODIFIED","NEW","ON_DEV","ON_QA","POST","RELEASE_PENDING","VERIFIED"],"issue":[30,655,39,2,1,0,7,0,185],"f":[0.0326441784548422,0.712731229597388,0.0424374319912949,0.00217627856365615,0.00108813928182807,0,0.00761697497279652,0,0.201305767138194]},"POST":{"old_value":["POST","POST","POST","POST","POST","POST","0","0","POST"],"new_value":["ASSIGNED","CLOSED","MODIFIED","NEW","ON_DEV","ON_QA","POST","RELEASE_PENDING","VERIFIED"],"issue":[17,103,723,12,12,42,0,0,11],"f":[0.0184782608695652,0.11195652173913,0.785869565217391,0.0130434782608696,0.0130434782608696,0.0456521739130435,0,0,0.0119565217391304]},"RELEASE_PENDING":{"old_value":["0","0","RELEASE_PENDING","0","0","0","0","0","0"],"new_value":["ASSIGNED","CLOSED","MODIFIED","NEW","ON_DEV","ON_QA","POST","RELEASE_PENDING","VERIFIED"],"issue":[0,0,1,0,0,0,0,0,0],"f":[0,0,1,0,0,0,0,0,0]},"VERIFIED":{"old_value":["VERIFIED","VERIFIED","VERIFIED","VERIFIED","0","VERIFIED","VERIFIED","0","0"],"new_value":["ASSIGNED","CLOSED","MODIFIED","NEW","ON_DEV","ON_QA","POST","RELEASE_PENDING","VERIFIED"],"issue":[2,93,1,1,0,2,1,0,0],"f":[0.02,0.93,0.01,0.01,0,0.02,0.01,0,0]}}