{"data":{"years":[2008,2009,2010,2011,2012,2013,2014],"X0.99":[190072.77,1963972.5,1846240.14,1152305.7,905617.349999999,469563.92,66821.5499999999],"X0.95":[182419.85,1647585.5,1811565.7,905834,659514.199999999,391659.2,57630.25],"X0.5":[96324.5,1233724,1330472,524014,283528,87687,7599.5],"X0.25":[48493.75,402466.5,1125376.5,375549.5,108719.75,24186,900.5]},"labels":[0.99,0.95,0.5,0.25]}