{"ASSIGNED":{"old_value":["0","ASSIGNED","ASSIGNED","ASSIGNED","ASSIGNED","ASSIGNED","ASSIGNED","0","ASSIGNED"],"new_value":["ASSIGNED","CLOSED","MODIFIED","NEW","ON_DEV","ON_QA","POST","RELEASE_PENDING","VERIFIED"],"issue":[0,217,334,82,20,60,589,0,7],"f":[0,0.165775401069519,0.255156608097785,0.0626432391138274,0.0152788388082506,0.0458365164247517,0.449961802902979,0,0.0053475935828877]},"CLOSED":{"old_value":["CLOSED","0","CLOSED","CLOSED","0","CLOSED","CLOSED","0","0"],"new_value":["ASSIGNED","CLOSED","MODIFIED","NEW","ON_DEV","ON_QA","POST","RELEASE_PENDING","VERIFIED"],"issue":[122,0,5,46,0,9,2,0,0],"f":[0.66304347826087,0,0.0271739130434783,0.25,0,0.0489130434782609,0.0108695652173913,0,0]},"MODIFIED":{"old_value":["MODIFIED","MODIFIED","0","MODIFIED","MODIFIED","MODIFIED","MODIFIED","0","MODIFIED"],"new_value":["ASSIGNED","CLOSED","MODIFIED","NEW","ON_DEV","ON_QA","POST","RELEASE_PENDING","VERIFIED"],"issue":[28,378,0,6,1,1658,298,0,44],"f":[0.0116038126813096,0.156651471197679,0,0.00248653128885205,0.000414421881475342,0.687111479486117,0.123497720679652,0,0.018234562784915]},"NEW":{"old_value":["NEW","NEW","NEW","0","NEW","NEW","NEW","NEW","NEW"],"new_value":["ASSIGNED","CLOSED","MODIFIED","NEW","ON_DEV","ON_QA","POST","RELEASE_PENDING","VERIFIED"],"issue":[1022,1570,348,0,9,94,1257,1,6],"f":[0.23728813559322,0.364522869746924,0.0807986997910378,0,0.00208962154631994,0.0218249361504528,0.291850475969352,0.000232180171813327,0.00139308103087996]},"ON_DEV":{"old_value":["ON_DEV","ON_DEV","ON_DEV","0","0","ON_DEV","ON_DEV","0","0"],"new_value":["ASSIGNED","CLOSED","MODIFIED","NEW","ON_DEV","ON_QA","POST","RELEASE_PENDING","VERIFIED"],"issue":[3,2,18,0,0,11,9,0,0],"f":[0.0697674418604651,0.0465116279069767,0.418604651162791,0,0,0.255813953488372,0.209302325581395,0,0]},"ON_QA":{"old_value":["ON_QA","ON_QA","ON_QA","ON_QA","ON_QA","0","ON_QA","0","ON_QA"],"new_value":["ASSIGNED","CLOSED","MODIFIED","NEW","ON_DEV","ON_QA","POST","RELEASE_PENDING","VERIFIED"],"issue":[82,791,95,9,1,0,18,0,772],"f":[0.0463800904977376,0.447398190045249,0.0537330316742081,0.00509049773755656,0.000565610859728507,0,0.0101809954751131,0,0.436651583710407]},"POST":{"old_value":["POST","POST","POST","POST","POST","POST","0","0","POST"],"new_value":["ASSIGNED","CLOSED","MODIFIED","NEW","ON_DEV","ON_QA","POST","RELEASE_PENDING","VERIFIED"],"issue":[41,163,1702,29,12,68,0,0,11],"f":[0.0202369200394867,0.0804540967423495,0.840078973346496,0.0143139190523198,0.00592300098716683,0.033563672260612,0,0,0.0054294175715696]},"RELEASE_PENDING":{"old_value":["0","0","RELEASE_PENDING","0","0","0","0","0","0"],"new_value":["ASSIGNED","CLOSED","MODIFIED","NEW","ON_DEV","ON_QA","POST","RELEASE_PENDING","VERIFIED"],"issue":[0,0,1,0,0,0,0,0,0],"f":[0,0,1,0,0,0,0,0,0]},"VERIFIED":{"old_value":["VERIFIED","VERIFIED","VERIFIED","VERIFIED","0","VERIFIED","VERIFIED","0","0"],"new_value":["ASSIGNED","CLOSED","MODIFIED","NEW","ON_DEV","ON_QA","POST","RELEASE_PENDING","VERIFIED"],"issue":[8,381,2,2,0,14,1,0,0],"f":[0.0196078431372549,0.933823529411765,0.00490196078431373,0.00490196078431373,0,0.0343137254901961,0.00245098039215686,0,0]}}