{"ASSIGNED":{"old_value":["0","ASSIGNED","ASSIGNED","ASSIGNED","ASSIGNED","ASSIGNED","ASSIGNED","0","ASSIGNED"],"new_value":["ASSIGNED","CLOSED","MODIFIED","NEW","ON_DEV","ON_QA","POST","RELEASE_PENDING","VERIFIED"],"issue":[0,195,324,71,20,47,506,0,5],"f":[0,0.166952054794521,0.277397260273973,0.0607876712328767,0.0171232876712329,0.0402397260273973,0.433219178082192,0,0.00428082191780822]},"CLOSED":{"old_value":["CLOSED","0","CLOSED","CLOSED","0","CLOSED","CLOSED","0","0"],"new_value":["ASSIGNED","CLOSED","MODIFIED","NEW","ON_DEV","ON_QA","POST","RELEASE_PENDING","VERIFIED"],"issue":[110,0,5,38,0,8,2,0,0],"f":[0.674846625766871,0,0.0306748466257669,0.233128834355828,0,0.049079754601227,0.0122699386503067,0,0]},"MODIFIED":{"old_value":["MODIFIED","MODIFIED","0","MODIFIED","MODIFIED","MODIFIED","MODIFIED","0","MODIFIED"],"new_value":["ASSIGNED","CLOSED","MODIFIED","NEW","ON_DEV","ON_QA","POST","RELEASE_PENDING","VERIFIED"],"issue":[26,373,0,5,1,1325,264,0,39],"f":[0.0127889818002951,0.183472700442696,0,0.00245941957697983,0.000491883915395967,0.651746187899656,0.129857353664535,0,0.0191834727004427]},"NEW":{"old_value":["NEW","NEW","NEW","0","NEW","NEW","NEW","NEW","NEW"],"new_value":["ASSIGNED","CLOSED","MODIFIED","NEW","ON_DEV","ON_QA","POST","RELEASE_PENDING","VERIFIED"],"issue":[943,1363,304,0,9,76,987,1,5],"f":[0.255694143167028,0.369577006507592,0.0824295010845987,0,0.00244034707158351,0.0206073752711497,0.267624728850325,0.00027114967462039,0.00135574837310195]},"ON_DEV":{"old_value":["ON_DEV","ON_DEV","ON_DEV","0","0","ON_DEV","ON_DEV","0","0"],"new_value":["ASSIGNED","CLOSED","MODIFIED","NEW","ON_DEV","ON_QA","POST","RELEASE_PENDING","VERIFIED"],"issue":[3,2,18,0,0,11,9,0,0],"f":[0.0697674418604651,0.0465116279069767,0.418604651162791,0,0,0.255813953488372,0.209302325581395,0,0]},"ON_QA":{"old_value":["ON_QA","ON_QA","ON_QA","ON_QA","ON_QA","0","ON_QA","0","ON_QA"],"new_value":["ASSIGNED","CLOSED","MODIFIED","NEW","ON_DEV","ON_QA","POST","RELEASE_PENDING","VERIFIED"],"issue":[58,745,82,6,1,0,12,0,427],"f":[0.0435762584522915,0.559729526671675,0.0616078136739294,0.00450788880540947,0.000751314800901578,0,0.00901577761081893,0,0.320811419984974]},"POST":{"old_value":["POST","POST","POST","POST","POST","POST","0","0","POST"],"new_value":["ASSIGNED","CLOSED","MODIFIED","NEW","ON_DEV","ON_QA","POST","RELEASE_PENDING","VERIFIED"],"issue":[34,157,1315,21,12,61,0,0,11],"f":[0.021104903786468,0.0974549968963377,0.816263190564867,0.0130353817504655,0.0074487895716946,0.0378646803227809,0,0,0.00682805710738672]},"RELEASE_PENDING":{"old_value":["0","0","RELEASE_PENDING","0","0","0","0","0","0"],"new_value":["ASSIGNED","CLOSED","MODIFIED","NEW","ON_DEV","ON_QA","POST","RELEASE_PENDING","VERIFIED"],"issue":[0,0,1,0,0,0,0,0,0],"f":[0,0,1,0,0,0,0,0,0]},"VERIFIED":{"old_value":["VERIFIED","VERIFIED","VERIFIED","VERIFIED","0","VERIFIED","VERIFIED","0","0"],"new_value":["ASSIGNED","CLOSED","MODIFIED","NEW","ON_DEV","ON_QA","POST","RELEASE_PENDING","VERIFIED"],"issue":[4,375,1,1,0,9,1,0,0],"f":[0.010230179028133,0.959079283887468,0.00255754475703325,0.00255754475703325,0,0.0230179028132992,0.00255754475703325,0,0]}}