{"ASSIGNED":{"old_value":["0","ASSIGNED","ASSIGNED","ASSIGNED","ASSIGNED","ASSIGNED","ASSIGNED","0","ASSIGNED"],"new_value":["ASSIGNED","CLOSED","MODIFIED","NEW","ON_DEV","ON_QA","POST","RELEASE_PENDING","VERIFIED"],"issue":[0,211,330,78,20,53,560,0,5],"f":[0,0.167859984089101,0.262529832935561,0.0620525059665871,0.0159108989657916,0.0421638822593477,0.445505171042164,0,0.00397772474144789]},"CLOSED":{"old_value":["CLOSED","0","CLOSED","CLOSED","0","CLOSED","CLOSED","0","0"],"new_value":["ASSIGNED","CLOSED","MODIFIED","NEW","ON_DEV","ON_QA","POST","RELEASE_PENDING","VERIFIED"],"issue":[117,0,5,43,0,9,2,0,0],"f":[0.664772727272727,0,0.0284090909090909,0.244318181818182,0,0.0511363636363636,0.0113636363636364,0,0]},"MODIFIED":{"old_value":["MODIFIED","MODIFIED","0","MODIFIED","MODIFIED","MODIFIED","MODIFIED","0","MODIFIED"],"new_value":["ASSIGNED","CLOSED","MODIFIED","NEW","ON_DEV","ON_QA","POST","RELEASE_PENDING","VERIFIED"],"issue":[26,375,0,5,1,1454,277,0,41],"f":[0.0119320789352914,0.172097292335934,0,0.00229463056447912,0.000458926112895824,0.667278568150528,0.127122533272143,0,0.0188159706287288]},"NEW":{"old_value":["NEW","NEW","NEW","0","NEW","NEW","NEW","NEW","NEW"],"new_value":["ASSIGNED","CLOSED","MODIFIED","NEW","ON_DEV","ON_QA","POST","RELEASE_PENDING","VERIFIED"],"issue":[1004,1515,336,0,9,88,1160,1,6],"f":[0.243748482641418,0.367807720320466,0.0815731973780044,0,0.0021849963583394,0.0213644088370964,0.281621752852634,0.000242777373148823,0.00145666423889294]},"ON_DEV":{"old_value":["ON_DEV","ON_DEV","ON_DEV","0","0","ON_DEV","ON_DEV","0","0"],"new_value":["ASSIGNED","CLOSED","MODIFIED","NEW","ON_DEV","ON_QA","POST","RELEASE_PENDING","VERIFIED"],"issue":[3,2,18,0,0,11,9,0,0],"f":[0.0697674418604651,0.0465116279069767,0.418604651162791,0,0,0.255813953488372,0.209302325581395,0,0]},"ON_QA":{"old_value":["ON_QA","ON_QA","ON_QA","ON_QA","ON_QA","0","ON_QA","0","ON_QA"],"new_value":["ASSIGNED","CLOSED","MODIFIED","NEW","ON_DEV","ON_QA","POST","RELEASE_PENDING","VERIFIED"],"issue":[75,762,83,9,1,0,17,0,599],"f":[0.0485122897800776,0.492884864165589,0.0536869340232859,0.00582147477360931,0.000646830530401035,0,0.0109961190168176,0,0.38745148771022]},"POST":{"old_value":["POST","POST","POST","POST","POST","POST","0","0","POST"],"new_value":["ASSIGNED","CLOSED","MODIFIED","NEW","ON_DEV","ON_QA","POST","RELEASE_PENDING","VERIFIED"],"issue":[37,160,1506,25,12,65,0,0,11],"f":[0.020374449339207,0.0881057268722467,0.829295154185022,0.0137665198237885,0.0066079295154185,0.0357929515418502,0,0,0.00605726872246696]},"RELEASE_PENDING":{"old_value":["0","0","RELEASE_PENDING","0","0","0","0","0","0"],"new_value":["ASSIGNED","CLOSED","MODIFIED","NEW","ON_DEV","ON_QA","POST","RELEASE_PENDING","VERIFIED"],"issue":[0,0,1,0,0,0,0,0,0],"f":[0,0,1,0,0,0,0,0,0]},"VERIFIED":{"old_value":["VERIFIED","VERIFIED","VERIFIED","VERIFIED","0","VERIFIED","VERIFIED","0","0"],"new_value":["ASSIGNED","CLOSED","MODIFIED","NEW","ON_DEV","ON_QA","POST","RELEASE_PENDING","VERIFIED"],"issue":[5,375,2,1,0,11,1,0,0],"f":[0.0126582278481013,0.949367088607595,0.00506329113924051,0.00253164556962025,0,0.0278481012658228,0.00253164556962025,0,0]}}