{"ASSIGNED":{"old_value":["0","ASSIGNED","ASSIGNED","ASSIGNED","ASSIGNED","ASSIGNED","ASSIGNED","0","ASSIGNED"],"new_value":["ASSIGNED","CLOSED","MODIFIED","NEW","ON_DEV","ON_QA","POST","RELEASE_PENDING","VERIFIED"],"issue":[0,172,293,69,20,35,418,0,5],"f":[0,0.1699604743083,0.289525691699605,0.0681818181818182,0.0197628458498024,0.0345849802371542,0.41304347826087,0,0.00494071146245059]},"CLOSED":{"old_value":["CLOSED","0","CLOSED","CLOSED","0","CLOSED","0","0","0"],"new_value":["ASSIGNED","CLOSED","MODIFIED","NEW","ON_DEV","ON_QA","POST","RELEASE_PENDING","VERIFIED"],"issue":[102,0,2,21,0,7,0,0,0],"f":[0.772727272727273,0,0.0151515151515152,0.159090909090909,0,0.053030303030303,0,0,0]},"MODIFIED":{"old_value":["MODIFIED","MODIFIED","0","MODIFIED","MODIFIED","MODIFIED","MODIFIED","0","MODIFIED"],"new_value":["ASSIGNED","CLOSED","MODIFIED","NEW","ON_DEV","ON_QA","POST","RELEASE_PENDING","VERIFIED"],"issue":[18,229,0,3,1,1019,186,0,36],"f":[0.0120643431635389,0.153485254691689,0,0.00201072386058981,0.000670241286863271,0.682975871313673,0.124664879356568,0,0.0241286863270777]},"NEW":{"old_value":["NEW","NEW","NEW","0","NEW","NEW","NEW","NEW","NEW"],"new_value":["ASSIGNED","CLOSED","MODIFIED","NEW","ON_DEV","ON_QA","POST","RELEASE_PENDING","VERIFIED"],"issue":[847,1147,220,0,9,56,712,1,5],"f":[0.282615949282616,0.382716049382716,0.0734067400734067,0,0.003003003003003,0.0186853520186854,0.237570904237571,0.000333667000333667,0.00166833500166833]},"ON_DEV":{"old_value":["ON_DEV","ON_DEV","ON_DEV","0","0","ON_DEV","ON_DEV","0","0"],"new_value":["ASSIGNED","CLOSED","MODIFIED","NEW","ON_DEV","ON_QA","POST","RELEASE_PENDING","VERIFIED"],"issue":[3,2,18,0,0,11,9,0,0],"f":[0.0697674418604651,0.0465116279069767,0.418604651162791,0,0,0.255813953488372,0.209302325581395,0,0]},"ON_QA":{"old_value":["ON_QA","ON_QA","ON_QA","ON_QA","ON_QA","0","ON_QA","0","ON_QA"],"new_value":["ASSIGNED","CLOSED","MODIFIED","NEW","ON_DEV","ON_QA","POST","RELEASE_PENDING","VERIFIED"],"issue":[46,709,77,4,1,0,9,0,323],"f":[0.039349871685201,0.60650128314799,0.0658682634730539,0.00342172797262618,0.000855431993156544,0,0.0076988879384089,0,0.276304533789564]},"POST":{"old_value":["POST","POST","POST","POST","POST","POST","0","0","POST"],"new_value":["ASSIGNED","CLOSED","MODIFIED","NEW","ON_DEV","ON_QA","POST","RELEASE_PENDING","VERIFIED"],"issue":[22,110,919,16,12,44,0,0,11],"f":[0.0194003527336861,0.0970017636684303,0.810405643738977,0.0141093474426808,0.0105820105820106,0.0388007054673721,0,0,0.00970017636684303]},"RELEASE_PENDING":{"old_value":["0","0","RELEASE_PENDING","0","0","0","0","0","0"],"new_value":["ASSIGNED","CLOSED","MODIFIED","NEW","ON_DEV","ON_QA","POST","RELEASE_PENDING","VERIFIED"],"issue":[0,0,1,0,0,0,0,0,0],"f":[0,0,1,0,0,0,0,0,0]},"VERIFIED":{"old_value":["VERIFIED","VERIFIED","VERIFIED","VERIFIED","0","VERIFIED","VERIFIED","0","0"],"new_value":["ASSIGNED","CLOSED","MODIFIED","NEW","ON_DEV","ON_QA","POST","RELEASE_PENDING","VERIFIED"],"issue":[4,359,1,1,0,7,1,0,0],"f":[0.0107238605898123,0.962466487935657,0.00268096514745308,0.00268096514745308,0,0.0187667560321716,0.00268096514745308,0,0]}}