{"ASSIGNED":{"old_value":["0","ASSIGNED","ASSIGNED","ASSIGNED","ASSIGNED","ASSIGNED","ASSIGNED","0","ASSIGNED"],"new_value":["ASSIGNED","CLOSED","MODIFIED","NEW","ON_DEV","ON_QA","POST","RELEASE_PENDING","VERIFIED"],"issue":[0,155,281,61,20,27,325,0,4],"f":[0,0.177548682703322,0.321878579610538,0.0698739977090493,0.0229095074455899,0.0309278350515464,0.372279495990836,0,0.00458190148911798]},"CLOSED":{"old_value":["CLOSED","0","CLOSED","CLOSED","0","CLOSED","0","0","0"],"new_value":["ASSIGNED","CLOSED","MODIFIED","NEW","ON_DEV","ON_QA","POST","RELEASE_PENDING","VERIFIED"],"issue":[94,0,2,15,0,4,0,0,0],"f":[0.817391304347826,0,0.0173913043478261,0.130434782608696,0,0.0347826086956522,0,0,0]},"MODIFIED":{"old_value":["MODIFIED","MODIFIED","0","MODIFIED","MODIFIED","MODIFIED","MODIFIED","0","MODIFIED"],"new_value":["ASSIGNED","CLOSED","MODIFIED","NEW","ON_DEV","ON_QA","POST","RELEASE_PENDING","VERIFIED"],"issue":[13,198,0,2,1,884,110,0,33],"f":[0.0104754230459307,0.159548751007252,0,0.0016116035455278,0.0008058017727639,0.712328767123288,0.088638195004029,0,0.0265914585012087]},"NEW":{"old_value":["NEW","NEW","NEW","0","NEW","NEW","NEW","NEW","NEW"],"new_value":["ASSIGNED","CLOSED","MODIFIED","NEW","ON_DEV","ON_QA","POST","RELEASE_PENDING","VERIFIED"],"issue":[742,1032,200,0,9,50,571,1,4],"f":[0.284400153315447,0.395553852050594,0.076657723265619,0,0.00344959754695286,0.0191644308164048,0.218857799923342,0.000383288616328095,0.00153315446531238]},"ON_DEV":{"old_value":["ON_DEV","ON_DEV","ON_DEV","0","0","ON_DEV","ON_DEV","0","0"],"new_value":["ASSIGNED","CLOSED","MODIFIED","NEW","ON_DEV","ON_QA","POST","RELEASE_PENDING","VERIFIED"],"issue":[3,2,18,0,0,11,9,0,0],"f":[0.0697674418604651,0.0465116279069767,0.418604651162791,0,0,0.255813953488372,0.209302325581395,0,0]},"ON_QA":{"old_value":["ON_QA","ON_QA","ON_QA","ON_QA","ON_QA","0","ON_QA","0","ON_QA"],"new_value":["ASSIGNED","CLOSED","MODIFIED","NEW","ON_DEV","ON_QA","POST","RELEASE_PENDING","VERIFIED"],"issue":[30,654,37,2,1,0,7,0,149],"f":[0.0340909090909091,0.743181818181818,0.0420454545454545,0.00227272727272727,0.00113636363636364,0,0.00795454545454545,0,0.169318181818182]},"POST":{"old_value":["POST","POST","POST","POST","POST","POST","0","0","POST"],"new_value":["ASSIGNED","CLOSED","MODIFIED","NEW","ON_DEV","ON_QA","POST","RELEASE_PENDING","VERIFIED"],"issue":[15,101,691,10,12,42,0,0,11],"f":[0.0170068027210884,0.114512471655329,0.783446712018141,0.0113378684807256,0.0136054421768707,0.0476190476190476,0,0,0.0124716553287982]},"RELEASE_PENDING":{"old_value":["0","0","RELEASE_PENDING","0","0","0","0","0","0"],"new_value":["ASSIGNED","CLOSED","MODIFIED","NEW","ON_DEV","ON_QA","POST","RELEASE_PENDING","VERIFIED"],"issue":[0,0,1,0,0,0,0,0,0],"f":[0,0,1,0,0,0,0,0,0]},"VERIFIED":{"old_value":["VERIFIED","VERIFIED","VERIFIED","VERIFIED","0","VERIFIED","VERIFIED","0","0"],"new_value":["ASSIGNED","CLOSED","MODIFIED","NEW","ON_DEV","ON_QA","POST","RELEASE_PENDING","VERIFIED"],"issue":[1,93,1,1,0,2,1,0,0],"f":[0.0101010101010101,0.939393939393939,0.0101010101010101,0.0101010101010101,0,0.0202020202020202,0.0101010101010101,0,0]}}