{"ASSIGNED":{"old_value":["0","ASSIGNED","ASSIGNED","ASSIGNED","ASSIGNED","ASSIGNED","ASSIGNED","0","ASSIGNED"],"new_value":["ASSIGNED","CLOSED","MODIFIED","NEW","ON_DEV","ON_QA","POST","RELEASE_PENDING","VERIFIED"],"issue":[0,228,347,82,20,64,635,0,7],"f":[0,0.164859002169197,0.250903832248735,0.059291395516992,0.0144613159797542,0.0462762111352133,0.459146782357195,0,0.00506146059291396]},"CLOSED":{"old_value":["CLOSED","0","CLOSED","CLOSED","0","CLOSED","CLOSED","0","0"],"new_value":["ASSIGNED","CLOSED","MODIFIED","NEW","ON_DEV","ON_QA","POST","RELEASE_PENDING","VERIFIED"],"issue":[124,0,6,49,0,9,2,0,0],"f":[0.652631578947368,0,0.0315789473684211,0.257894736842105,0,0.0473684210526316,0.0105263157894737,0,0]},"MODIFIED":{"old_value":["MODIFIED","MODIFIED","0","MODIFIED","MODIFIED","MODIFIED","MODIFIED","0","MODIFIED"],"new_value":["ASSIGNED","CLOSED","MODIFIED","NEW","ON_DEV","ON_QA","POST","RELEASE_PENDING","VERIFIED"],"issue":[31,515,0,6,1,1726,314,0,46],"f":[0.0117468738158393,0.195149677908299,0,0.00227358848048503,0.000378931413414172,0.654035619552861,0.11898446381205,0,0.0174308450170519]},"NEW":{"old_value":["NEW","NEW","NEW","0","NEW","NEW","NEW","NEW","NEW"],"new_value":["ASSIGNED","CLOSED","MODIFIED","NEW","ON_DEV","ON_QA","POST","RELEASE_PENDING","VERIFIED"],"issue":[1066,1649,361,0,9,101,1359,1,6],"f":[0.234182776801406,0.36225834797891,0.0793057996485061,0,0.00197715289982425,0.0221880492091388,0.298550087873462,0.000219683655536028,0.00131810193321617]},"ON_DEV":{"old_value":["ON_DEV","ON_DEV","ON_DEV","0","0","ON_DEV","ON_DEV","0","0"],"new_value":["ASSIGNED","CLOSED","MODIFIED","NEW","ON_DEV","ON_QA","POST","RELEASE_PENDING","VERIFIED"],"issue":[3,2,18,0,0,11,9,0,0],"f":[0.0697674418604651,0.0465116279069767,0.418604651162791,0,0,0.255813953488372,0.209302325581395,0,0]},"ON_QA":{"old_value":["ON_QA","ON_QA","ON_QA","ON_QA","ON_QA","0","ON_QA","0","ON_QA"],"new_value":["ASSIGNED","CLOSED","MODIFIED","NEW","ON_DEV","ON_QA","POST","RELEASE_PENDING","VERIFIED"],"issue":[87,917,96,10,1,0,18,0,845],"f":[0.0440729483282675,0.464539007092199,0.0486322188449848,0.00506585612968592,0.000506585612968592,0,0.00911854103343465,0,0.42806484295846]},"POST":{"old_value":["POST","POST","POST","POST","POST","POST","0","0","POST"],"new_value":["ASSIGNED","CLOSED","MODIFIED","NEW","ON_DEV","ON_QA","POST","RELEASE_PENDING","VERIFIED"],"issue":[43,170,1839,31,12,70,0,0,13],"f":[0.019742883379247,0.0780532598714417,0.84435261707989,0.0142332415059688,0.00550964187327824,0.0321395775941231,0,0,0.00596877869605142]},"RELEASE_PENDING":{"old_value":["0","0","RELEASE_PENDING","0","0","0","0","0","0"],"new_value":["ASSIGNED","CLOSED","MODIFIED","NEW","ON_DEV","ON_QA","POST","RELEASE_PENDING","VERIFIED"],"issue":[0,0,1,0,0,0,0,0,0],"f":[0,0,1,0,0,0,0,0,0]},"VERIFIED":{"old_value":["VERIFIED","VERIFIED","VERIFIED","VERIFIED","0","VERIFIED","VERIFIED","0","0"],"new_value":["ASSIGNED","CLOSED","MODIFIED","NEW","ON_DEV","ON_QA","POST","RELEASE_PENDING","VERIFIED"],"issue":[9,869,2,2,0,17,1,0,0],"f":[0.01,0.965555555555556,0.00222222222222222,0.00222222222222222,0,0.0188888888888889,0.00111111111111111,0,0]}}