{"ASSIGNED":{"old_value":["0","ASSIGNED","ASSIGNED","ASSIGNED","ASSIGNED","ASSIGNED","ASSIGNED","0","ASSIGNED"],"new_value":["ASSIGNED","CLOSED","MODIFIED","NEW","ON_DEV","ON_QA","POST","RELEASE_PENDING","VERIFIED"],"issue":[0,186,305,70,20,41,460,0,5],"f":[0,0.171113155473781,0.280588776448942,0.0643974241030359,0.0183992640294388,0.0377184912603496,0.423183072677093,0,0.00459981600735971]},"CLOSED":{"old_value":["CLOSED","0","CLOSED","CLOSED","0","CLOSED","CLOSED","0","0"],"new_value":["ASSIGNED","CLOSED","MODIFIED","NEW","ON_DEV","ON_QA","POST","RELEASE_PENDING","VERIFIED"],"issue":[108,0,3,28,0,7,1,0,0],"f":[0.73469387755102,0,0.0204081632653061,0.19047619047619,0,0.0476190476190476,0.00680272108843537,0,0]},"MODIFIED":{"old_value":["MODIFIED","MODIFIED","0","MODIFIED","MODIFIED","MODIFIED","MODIFIED","0","MODIFIED"],"new_value":["ASSIGNED","CLOSED","MODIFIED","NEW","ON_DEV","ON_QA","POST","RELEASE_PENDING","VERIFIED"],"issue":[20,362,0,4,1,1119,221,0,37],"f":[0.0113378684807256,0.205215419501134,0,0.00226757369614512,0.000566893424036281,0.634353741496599,0.125283446712018,0,0.0209750566893424]},"NEW":{"old_value":["NEW","NEW","NEW","0","NEW","NEW","NEW","NEW","NEW"],"new_value":["ASSIGNED","CLOSED","MODIFIED","NEW","ON_DEV","ON_QA","POST","RELEASE_PENDING","VERIFIED"],"issue":[891,1266,259,0,9,64,853,1,5],"f":[0.266129032258065,0.378136200716846,0.0773596176821983,0,0.00268817204301075,0.019115890083632,0.254778972520908,0.00029868578255675,0.00149342891278375]},"ON_DEV":{"old_value":["ON_DEV","ON_DEV","ON_DEV","0","0","ON_DEV","ON_DEV","0","0"],"new_value":["ASSIGNED","CLOSED","MODIFIED","NEW","ON_DEV","ON_QA","POST","RELEASE_PENDING","VERIFIED"],"issue":[3,2,18,0,0,11,9,0,0],"f":[0.0697674418604651,0.0465116279069767,0.418604651162791,0,0,0.255813953488372,0.209302325581395,0,0]},"ON_QA":{"old_value":["ON_QA","ON_QA","ON_QA","ON_QA","ON_QA","0","ON_QA","0","ON_QA"],"new_value":["ASSIGNED","CLOSED","MODIFIED","NEW","ON_DEV","ON_QA","POST","RELEASE_PENDING","VERIFIED"],"issue":[47,741,77,6,1,0,10,0,341],"f":[0.0384300899427637,0.605887162714636,0.0629599345870809,0.00490596892886345,0.000817661488143908,0,0.00817661488143908,0,0.278822567457073]},"POST":{"old_value":["POST","POST","POST","POST","POST","POST","0","0","POST"],"new_value":["ASSIGNED","CLOSED","MODIFIED","NEW","ON_DEV","ON_QA","POST","RELEASE_PENDING","VERIFIED"],"issue":[26,154,1128,20,12,51,0,0,11],"f":[0.0185449358059914,0.109843081312411,0.804564907275321,0.014265335235378,0.00855920114122682,0.036376604850214,0,0,0.00784593437945792]},"RELEASE_PENDING":{"old_value":["0","0","RELEASE_PENDING","0","0","0","0","0","0"],"new_value":["ASSIGNED","CLOSED","MODIFIED","NEW","ON_DEV","ON_QA","POST","RELEASE_PENDING","VERIFIED"],"issue":[0,0,1,0,0,0,0,0,0],"f":[0,0,1,0,0,0,0,0,0]},"VERIFIED":{"old_value":["VERIFIED","VERIFIED","VERIFIED","VERIFIED","0","VERIFIED","VERIFIED","0","0"],"new_value":["ASSIGNED","CLOSED","MODIFIED","NEW","ON_DEV","ON_QA","POST","RELEASE_PENDING","VERIFIED"],"issue":[4,372,1,1,0,7,1,0,0],"f":[0.0103626943005181,0.963730569948187,0.00259067357512953,0.00259067357512953,0,0.0181347150259067,0.00259067357512953,0,0]}}