{"ASSIGNED":{"old_value":["0","ASSIGNED","ASSIGNED","ASSIGNED","ASSIGNED","ASSIGNED","ASSIGNED","0","ASSIGNED"],"new_value":["ASSIGNED","CLOSED","MODIFIED","NEW","ON_DEV","ON_QA","POST","RELEASE_PENDING","VERIFIED"],"issue":[0,186,303,70,20,41,458,0,5],"f":[0,0.171745152354571,0.279778393351801,0.0646352723915051,0.0184672206832872,0.0378578024007387,0.422899353647276,0,0.00461680517082179]},"CLOSED":{"old_value":["CLOSED","0","CLOSED","CLOSED","0","CLOSED","CLOSED","0","0"],"new_value":["ASSIGNED","CLOSED","MODIFIED","NEW","ON_DEV","ON_QA","POST","RELEASE_PENDING","VERIFIED"],"issue":[106,0,3,26,0,7,1,0,0],"f":[0.741258741258741,0,0.020979020979021,0.181818181818182,0,0.048951048951049,0.00699300699300699,0,0]},"MODIFIED":{"old_value":["MODIFIED","MODIFIED","0","MODIFIED","MODIFIED","MODIFIED","MODIFIED","0","MODIFIED"],"new_value":["ASSIGNED","CLOSED","MODIFIED","NEW","ON_DEV","ON_QA","POST","RELEASE_PENDING","VERIFIED"],"issue":[20,361,0,4,1,1118,220,0,37],"f":[0.0113571834185122,0.204997160704145,0,0.00227143668370244,0.00056785917092561,0.634866553094833,0.124929017603634,0,0.0210107893242476]},"NEW":{"old_value":["NEW","NEW","NEW","0","NEW","NEW","NEW","NEW","NEW"],"new_value":["ASSIGNED","CLOSED","MODIFIED","NEW","ON_DEV","ON_QA","POST","RELEASE_PENDING","VERIFIED"],"issue":[886,1235,247,0,9,64,836,1,5],"f":[0.269875114224794,0.376180322875419,0.0752360645750838,0,0.00274139506548888,0.0194943649101432,0.254645141638745,0.000304599451720987,0.00152299725860493]},"ON_DEV":{"old_value":["ON_DEV","ON_DEV","ON_DEV","0","0","ON_DEV","ON_DEV","0","0"],"new_value":["ASSIGNED","CLOSED","MODIFIED","NEW","ON_DEV","ON_QA","POST","RELEASE_PENDING","VERIFIED"],"issue":[3,2,18,0,0,11,9,0,0],"f":[0.0697674418604651,0.0465116279069767,0.418604651162791,0,0,0.255813953488372,0.209302325581395,0,0]},"ON_QA":{"old_value":["ON_QA","ON_QA","ON_QA","ON_QA","ON_QA","0","ON_QA","0","ON_QA"],"new_value":["ASSIGNED","CLOSED","MODIFIED","NEW","ON_DEV","ON_QA","POST","RELEASE_PENDING","VERIFIED"],"issue":[47,741,77,5,1,0,10,0,334],"f":[0.0386831275720165,0.609876543209876,0.0633744855967078,0.00411522633744856,0.000823045267489712,0,0.00823045267489712,0,0.274897119341564]},"POST":{"old_value":["POST","POST","POST","POST","POST","POST","0","0","POST"],"new_value":["ASSIGNED","CLOSED","MODIFIED","NEW","ON_DEV","ON_QA","POST","RELEASE_PENDING","VERIFIED"],"issue":[26,153,1115,20,12,50,0,0,11],"f":[0.0187454938716655,0.110310021629416,0.803893294881038,0.0144196106705119,0.00865176640230714,0.0360490266762797,0,0,0.00793078586878154]},"RELEASE_PENDING":{"old_value":["0","0","RELEASE_PENDING","0","0","0","0","0","0"],"new_value":["ASSIGNED","CLOSED","MODIFIED","NEW","ON_DEV","ON_QA","POST","RELEASE_PENDING","VERIFIED"],"issue":[0,0,1,0,0,0,0,0,0],"f":[0,0,1,0,0,0,0,0,0]},"VERIFIED":{"old_value":["VERIFIED","VERIFIED","VERIFIED","VERIFIED","0","VERIFIED","VERIFIED","0","0"],"new_value":["ASSIGNED","CLOSED","MODIFIED","NEW","ON_DEV","ON_QA","POST","RELEASE_PENDING","VERIFIED"],"issue":[4,372,1,1,0,7,1,0,0],"f":[0.0103626943005181,0.963730569948187,0.00259067357512953,0.00259067357512953,0,0.0181347150259067,0.00259067357512953,0,0]}}