{"ASSIGNED":{"old_value":["0","ASSIGNED","ASSIGNED","ASSIGNED","ASSIGNED","ASSIGNED","ASSIGNED","0","ASSIGNED"],"new_value":["ASSIGNED","CLOSED","MODIFIED","NEW","ON_DEV","ON_QA","POST","RELEASE_PENDING","VERIFIED"],"issue":[0,185,299,70,20,41,441,0,5],"f":[0,0.174363807728558,0.281809613572102,0.0659754948162111,0.0188501413760603,0.0386427898209237,0.41564561734213,0,0.00471253534401508]},"CLOSED":{"old_value":["CLOSED","0","CLOSED","CLOSED","0","CLOSED","0","0","0"],"new_value":["ASSIGNED","CLOSED","MODIFIED","NEW","ON_DEV","ON_QA","POST","RELEASE_PENDING","VERIFIED"],"issue":[103,0,3,24,0,7,0,0,0],"f":[0.751824817518248,0,0.0218978102189781,0.175182481751825,0,0.0510948905109489,0,0,0]},"MODIFIED":{"old_value":["MODIFIED","MODIFIED","0","MODIFIED","MODIFIED","MODIFIED","MODIFIED","0","MODIFIED"],"new_value":["ASSIGNED","CLOSED","MODIFIED","NEW","ON_DEV","ON_QA","POST","RELEASE_PENDING","VERIFIED"],"issue":[18,351,0,3,1,1089,216,0,36],"f":[0.0105017502917153,0.204784130688448,0,0.00175029171528588,0.00058343057176196,0.635355892648775,0.126021003500583,0,0.0210035005834306]},"NEW":{"old_value":["NEW","NEW","NEW","0","NEW","NEW","NEW","NEW","NEW"],"new_value":["ASSIGNED","CLOSED","MODIFIED","NEW","ON_DEV","ON_QA","POST","RELEASE_PENDING","VERIFIED"],"issue":[869,1190,234,0,9,58,790,1,5],"f":[0.275348542458809,0.377059569074778,0.0741444866920152,0,0.00285171102661597,0.0183776932826362,0.250316856780735,0.000316856780735108,0.00158428390367554]},"ON_DEV":{"old_value":["ON_DEV","ON_DEV","ON_DEV","0","0","ON_DEV","ON_DEV","0","0"],"new_value":["ASSIGNED","CLOSED","MODIFIED","NEW","ON_DEV","ON_QA","POST","RELEASE_PENDING","VERIFIED"],"issue":[3,2,18,0,0,11,9,0,0],"f":[0.0697674418604651,0.0465116279069767,0.418604651162791,0,0,0.255813953488372,0.209302325581395,0,0]},"ON_QA":{"old_value":["ON_QA","ON_QA","ON_QA","ON_QA","ON_QA","0","ON_QA","0","ON_QA"],"new_value":["ASSIGNED","CLOSED","MODIFIED","NEW","ON_DEV","ON_QA","POST","RELEASE_PENDING","VERIFIED"],"issue":[46,732,77,4,1,0,9,0,331],"f":[0.0383333333333333,0.61,0.0641666666666667,0.00333333333333333,0.000833333333333333,0,0.0075,0,0.275833333333333]},"POST":{"old_value":["POST","POST","POST","POST","POST","POST","0","0","POST"],"new_value":["ASSIGNED","CLOSED","MODIFIED","NEW","ON_DEV","ON_QA","POST","RELEASE_PENDING","VERIFIED"],"issue":[25,153,1063,17,12,47,0,0,11],"f":[0.0188253012048193,0.115210843373494,0.800451807228916,0.0128012048192771,0.00903614457831325,0.0353915662650602,0,0,0.00828313253012048]},"RELEASE_PENDING":{"old_value":["0","0","RELEASE_PENDING","0","0","0","0","0","0"],"new_value":["ASSIGNED","CLOSED","MODIFIED","NEW","ON_DEV","ON_QA","POST","RELEASE_PENDING","VERIFIED"],"issue":[0,0,1,0,0,0,0,0,0],"f":[0,0,1,0,0,0,0,0,0]},"VERIFIED":{"old_value":["VERIFIED","VERIFIED","VERIFIED","VERIFIED","0","VERIFIED","VERIFIED","0","0"],"new_value":["ASSIGNED","CLOSED","MODIFIED","NEW","ON_DEV","ON_QA","POST","RELEASE_PENDING","VERIFIED"],"issue":[4,370,1,1,0,7,1,0,0],"f":[0.0104166666666667,0.963541666666667,0.00260416666666667,0.00260416666666667,0,0.0182291666666667,0.00260416666666667,0,0]}}