{"ASSIGNED":{"old_value":["0","ASSIGNED","ASSIGNED","ASSIGNED","ASSIGNED","ASSIGNED","ASSIGNED","0","ASSIGNED"],"new_value":["ASSIGNED","CLOSED","MODIFIED","NEW","ON_DEV","ON_QA","POST","RELEASE_PENDING","VERIFIED"],"issue":[0,188,314,70,20,44,479,0,5],"f":[0,0.167857142857143,0.280357142857143,0.0625,0.0178571428571429,0.0392857142857143,0.427678571428571,0,0.00446428571428571]},"CLOSED":{"old_value":["CLOSED","0","CLOSED","CLOSED","0","CLOSED","CLOSED","0","0"],"new_value":["ASSIGNED","CLOSED","MODIFIED","NEW","ON_DEV","ON_QA","POST","RELEASE_PENDING","VERIFIED"],"issue":[108,0,5,34,0,7,2,0,0],"f":[0.692307692307692,0,0.032051282051282,0.217948717948718,0,0.0448717948717949,0.0128205128205128,0,0]},"MODIFIED":{"old_value":["MODIFIED","MODIFIED","0","MODIFIED","MODIFIED","MODIFIED","MODIFIED","0","MODIFIED"],"new_value":["ASSIGNED","CLOSED","MODIFIED","NEW","ON_DEV","ON_QA","POST","RELEASE_PENDING","VERIFIED"],"issue":[23,362,0,4,1,1175,232,0,37],"f":[0.0125408942202835,0.197382769901854,0,0.00218102508178844,0.00054525627044711,0.640676117775354,0.12649945474373,0,0.0201744820065431]},"NEW":{"old_value":["NEW","NEW","NEW","0","NEW","NEW","NEW","NEW","NEW"],"new_value":["ASSIGNED","CLOSED","MODIFIED","NEW","ON_DEV","ON_QA","POST","RELEASE_PENDING","VERIFIED"],"issue":[910,1313,282,0,9,70,906,1,5],"f":[0.260297482837529,0.375572082379863,0.0806636155606407,0,0.00257437070938215,0.0200228832951945,0.259153318077803,0.00028604118993135,0.00143020594965675]},"ON_DEV":{"old_value":["ON_DEV","ON_DEV","ON_DEV","0","0","ON_DEV","ON_DEV","0","0"],"new_value":["ASSIGNED","CLOSED","MODIFIED","NEW","ON_DEV","ON_QA","POST","RELEASE_PENDING","VERIFIED"],"issue":[3,2,18,0,0,11,9,0,0],"f":[0.0697674418604651,0.0465116279069767,0.418604651162791,0,0,0.255813953488372,0.209302325581395,0,0]},"ON_QA":{"old_value":["ON_QA","ON_QA","ON_QA","ON_QA","ON_QA","0","ON_QA","0","ON_QA"],"new_value":["ASSIGNED","CLOSED","MODIFIED","NEW","ON_DEV","ON_QA","POST","RELEASE_PENDING","VERIFIED"],"issue":[52,742,80,6,1,0,10,0,356],"f":[0.0417000801924619,0.595028067361668,0.0641539695268645,0.00481154771451484,0.000801924619085806,0,0.00801924619085806,0,0.285485164394547]},"POST":{"old_value":["POST","POST","POST","POST","POST","POST","0","0","POST"],"new_value":["ASSIGNED","CLOSED","MODIFIED","NEW","ON_DEV","ON_QA","POST","RELEASE_PENDING","VERIFIED"],"issue":[30,155,1191,20,12,57,0,0,11],"f":[0.0203252032520325,0.105013550135501,0.806910569105691,0.013550135501355,0.00813008130081301,0.0386178861788618,0,0,0.00745257452574526]},"RELEASE_PENDING":{"old_value":["0","0","RELEASE_PENDING","0","0","0","0","0","0"],"new_value":["ASSIGNED","CLOSED","MODIFIED","NEW","ON_DEV","ON_QA","POST","RELEASE_PENDING","VERIFIED"],"issue":[0,0,1,0,0,0,0,0,0],"f":[0,0,1,0,0,0,0,0,0]},"VERIFIED":{"old_value":["VERIFIED","VERIFIED","VERIFIED","VERIFIED","0","VERIFIED","VERIFIED","0","0"],"new_value":["ASSIGNED","CLOSED","MODIFIED","NEW","ON_DEV","ON_QA","POST","RELEASE_PENDING","VERIFIED"],"issue":[4,372,1,1,0,9,1,0,0],"f":[0.0103092783505155,0.958762886597938,0.00257731958762887,0.00257731958762887,0,0.0231958762886598,0.00257731958762887,0,0]}}