{"ASSIGNED":{"old_value":["0","ASSIGNED","ASSIGNED","ASSIGNED","ASSIGNED","ASSIGNED","ASSIGNED","0","ASSIGNED"],"new_value":["ASSIGNED","CLOSED","MODIFIED","NEW","ON_DEV","ON_QA","POST","RELEASE_PENDING","VERIFIED"],"issue":[0,191,317,71,20,45,491,0,5],"f":[0,0.167543859649123,0.278070175438596,0.062280701754386,0.0175438596491228,0.0394736842105263,0.430701754385965,0,0.0043859649122807]},"CLOSED":{"old_value":["CLOSED","0","CLOSED","CLOSED","0","CLOSED","CLOSED","0","0"],"new_value":["ASSIGNED","CLOSED","MODIFIED","NEW","ON_DEV","ON_QA","POST","RELEASE_PENDING","VERIFIED"],"issue":[110,0,5,37,0,7,2,0,0],"f":[0.683229813664596,0,0.031055900621118,0.229813664596273,0,0.0434782608695652,0.0124223602484472,0,0]},"MODIFIED":{"old_value":["MODIFIED","MODIFIED","0","MODIFIED","MODIFIED","MODIFIED","MODIFIED","0","MODIFIED"],"new_value":["ASSIGNED","CLOSED","MODIFIED","NEW","ON_DEV","ON_QA","POST","RELEASE_PENDING","VERIFIED"],"issue":[23,373,0,4,1,1227,249,0,38],"f":[0.0120104438642298,0.194778067885118,0,0.002088772845953,0.000522193211488251,0.640731070496084,0.130026109660574,0,0.0198433420365535]},"NEW":{"old_value":["NEW","NEW","NEW","0","NEW","NEW","NEW","NEW","NEW"],"new_value":["ASSIGNED","CLOSED","MODIFIED","NEW","ON_DEV","ON_QA","POST","RELEASE_PENDING","VERIFIED"],"issue":[926,1338,292,0,9,72,940,1,5],"f":[0.258442645827519,0.373430086519676,0.0814959531119174,0,0.002511861568518,0.020094892548144,0.262349986045214,0.000279095729835334,0.00139547864917667]},"ON_DEV":{"old_value":["ON_DEV","ON_DEV","ON_DEV","0","0","ON_DEV","ON_DEV","0","0"],"new_value":["ASSIGNED","CLOSED","MODIFIED","NEW","ON_DEV","ON_QA","POST","RELEASE_PENDING","VERIFIED"],"issue":[3,2,18,0,0,11,9,0,0],"f":[0.0697674418604651,0.0465116279069767,0.418604651162791,0,0,0.255813953488372,0.209302325581395,0,0]},"ON_QA":{"old_value":["ON_QA","ON_QA","ON_QA","ON_QA","ON_QA","0","ON_QA","0","ON_QA"],"new_value":["ASSIGNED","CLOSED","MODIFIED","NEW","ON_DEV","ON_QA","POST","RELEASE_PENDING","VERIFIED"],"issue":[54,744,81,6,1,0,12,0,378],"f":[0.0423197492163009,0.58307210031348,0.0634796238244514,0.00470219435736677,0.000783699059561128,0,0.00940438871473354,0,0.296238244514107]},"POST":{"old_value":["POST","POST","POST","POST","POST","POST","0","0","POST"],"new_value":["ASSIGNED","CLOSED","MODIFIED","NEW","ON_DEV","ON_QA","POST","RELEASE_PENDING","VERIFIED"],"issue":[33,156,1260,20,12,59,0,0,11],"f":[0.0212765957446809,0.100580270793037,0.812379110251451,0.0128949065119278,0.00773694390715667,0.038039974210187,0,0,0.00709219858156028]},"RELEASE_PENDING":{"old_value":["0","0","RELEASE_PENDING","0","0","0","0","0","0"],"new_value":["ASSIGNED","CLOSED","MODIFIED","NEW","ON_DEV","ON_QA","POST","RELEASE_PENDING","VERIFIED"],"issue":[0,0,1,0,0,0,0,0,0],"f":[0,0,1,0,0,0,0,0,0]},"VERIFIED":{"old_value":["VERIFIED","VERIFIED","VERIFIED","VERIFIED","0","VERIFIED","VERIFIED","0","0"],"new_value":["ASSIGNED","CLOSED","MODIFIED","NEW","ON_DEV","ON_QA","POST","RELEASE_PENDING","VERIFIED"],"issue":[4,375,1,1,0,9,1,0,0],"f":[0.010230179028133,0.959079283887468,0.00255754475703325,0.00255754475703325,0,0.0230179028132992,0.00255754475703325,0,0]}}