{"ASSIGNED":{"old_value":["0","ASSIGNED","ASSIGNED","ASSIGNED","ASSIGNED","ASSIGNED","ASSIGNED","0","ASSIGNED"],"new_value":["ASSIGNED","CLOSED","MODIFIED","NEW","ON_DEV","ON_QA","POST","RELEASE_PENDING","VERIFIED"],"issue":[0,162,287,65,20,30,377,0,4],"f":[0,0.171428571428571,0.303703703703704,0.0687830687830688,0.0211640211640212,0.0317460317460317,0.398941798941799,0,0.00423280423280423]},"CLOSED":{"old_value":["CLOSED","0","CLOSED","CLOSED","0","CLOSED","0","0","0"],"new_value":["ASSIGNED","CLOSED","MODIFIED","NEW","ON_DEV","ON_QA","POST","RELEASE_PENDING","VERIFIED"],"issue":[97,0,2,19,0,5,0,0,0],"f":[0.788617886178862,0,0.016260162601626,0.154471544715447,0,0.040650406504065,0,0,0]},"MODIFIED":{"old_value":["MODIFIED","MODIFIED","0","MODIFIED","MODIFIED","MODIFIED","MODIFIED","0","MODIFIED"],"new_value":["ASSIGNED","CLOSED","MODIFIED","NEW","ON_DEV","ON_QA","POST","RELEASE_PENDING","VERIFIED"],"issue":[15,199,0,2,1,954,154,0,34],"f":[0.011037527593819,0.146431199411332,0,0.00147167034584253,0.000735835172921266,0.701986754966887,0.113318616629875,0,0.025018395879323]},"NEW":{"old_value":["NEW","NEW","NEW","0","NEW","NEW","NEW","NEW","NEW"],"new_value":["ASSIGNED","CLOSED","MODIFIED","NEW","ON_DEV","ON_QA","POST","RELEASE_PENDING","VERIFIED"],"issue":[802,1087,210,0,9,53,639,1,4],"f":[0.285918003565062,0.387522281639929,0.0748663101604278,0,0.00320855614973262,0.0188948306595365,0.227807486631016,0.00035650623885918,0.00142602495543672]},"ON_DEV":{"old_value":["ON_DEV","ON_DEV","ON_DEV","0","0","ON_DEV","ON_DEV","0","0"],"new_value":["ASSIGNED","CLOSED","MODIFIED","NEW","ON_DEV","ON_QA","POST","RELEASE_PENDING","VERIFIED"],"issue":[3,2,18,0,0,11,9,0,0],"f":[0.0697674418604651,0.0465116279069767,0.418604651162791,0,0,0.255813953488372,0.209302325581395,0,0]},"ON_QA":{"old_value":["ON_QA","ON_QA","ON_QA","ON_QA","ON_QA","0","ON_QA","0","ON_QA"],"new_value":["ASSIGNED","CLOSED","MODIFIED","NEW","ON_DEV","ON_QA","POST","RELEASE_PENDING","VERIFIED"],"issue":[39,655,44,3,1,0,7,0,248],"f":[0.0391173520561685,0.656970912738215,0.0441323971915747,0.00300902708124373,0.00100300902708124,0,0.00702106318956871,0,0.248746238716148]},"POST":{"old_value":["POST","POST","POST","POST","POST","POST","0","0","POST"],"new_value":["ASSIGNED","CLOSED","MODIFIED","NEW","ON_DEV","ON_QA","POST","RELEASE_PENDING","VERIFIED"],"issue":[19,104,808,14,12,42,0,0,11],"f":[0.0188118811881188,0.102970297029703,0.8,0.0138613861386139,0.0118811881188119,0.0415841584158416,0,0,0.0108910891089109]},"RELEASE_PENDING":{"old_value":["0","0","RELEASE_PENDING","0","0","0","0","0","0"],"new_value":["ASSIGNED","CLOSED","MODIFIED","NEW","ON_DEV","ON_QA","POST","RELEASE_PENDING","VERIFIED"],"issue":[0,0,1,0,0,0,0,0,0],"f":[0,0,1,0,0,0,0,0,0]},"VERIFIED":{"old_value":["VERIFIED","VERIFIED","VERIFIED","VERIFIED","0","VERIFIED","VERIFIED","0","0"],"new_value":["ASSIGNED","CLOSED","MODIFIED","NEW","ON_DEV","ON_QA","POST","RELEASE_PENDING","VERIFIED"],"issue":[3,93,1,1,0,4,1,0,0],"f":[0.029126213592233,0.902912621359223,0.00970873786407767,0.00970873786407767,0,0.0388349514563107,0.00970873786407767,0,0]}}