{"ASSIGNED":{"old_value":["0","ASSIGNED","ASSIGNED","ASSIGNED","ASSIGNED","ASSIGNED","ASSIGNED","0","ASSIGNED"],"new_value":["ASSIGNED","CLOSED","MODIFIED","NEW","ON_DEV","ON_QA","POST","RELEASE_PENDING","VERIFIED"],"issue":[0,172,293,69,20,34,417,0,5],"f":[0,0.17029702970297,0.29009900990099,0.0683168316831683,0.0198019801980198,0.0336633663366337,0.412871287128713,0,0.00495049504950495]},"CLOSED":{"old_value":["CLOSED","0","CLOSED","CLOSED","0","CLOSED","0","0","0"],"new_value":["ASSIGNED","CLOSED","MODIFIED","NEW","ON_DEV","ON_QA","POST","RELEASE_PENDING","VERIFIED"],"issue":[102,0,2,21,0,7,0,0,0],"f":[0.772727272727273,0,0.0151515151515152,0.159090909090909,0,0.053030303030303,0,0,0]},"MODIFIED":{"old_value":["MODIFIED","MODIFIED","0","MODIFIED","MODIFIED","MODIFIED","MODIFIED","0","MODIFIED"],"new_value":["ASSIGNED","CLOSED","MODIFIED","NEW","ON_DEV","ON_QA","POST","RELEASE_PENDING","VERIFIED"],"issue":[17,229,0,3,1,1018,184,0,36],"f":[0.0114247311827957,0.153897849462366,0,0.00201612903225806,0.000672043010752688,0.684139784946237,0.123655913978495,0,0.0241935483870968]},"NEW":{"old_value":["NEW","NEW","NEW","0","NEW","NEW","NEW","NEW","NEW"],"new_value":["ASSIGNED","CLOSED","MODIFIED","NEW","ON_DEV","ON_QA","POST","RELEASE_PENDING","VERIFIED"],"issue":[841,1144,219,0,9,56,698,1,5],"f":[0.282879246552304,0.384796501849983,0.0736629667003027,0,0.00302724520686176,0.0188361923982509,0.234779683821056,0.000336360578540195,0.00168180289270098]},"ON_DEV":{"old_value":["ON_DEV","ON_DEV","ON_DEV","0","0","ON_DEV","ON_DEV","0","0"],"new_value":["ASSIGNED","CLOSED","MODIFIED","NEW","ON_DEV","ON_QA","POST","RELEASE_PENDING","VERIFIED"],"issue":[3,2,18,0,0,11,9,0,0],"f":[0.0697674418604651,0.0465116279069767,0.418604651162791,0,0,0.255813953488372,0.209302325581395,0,0]},"ON_QA":{"old_value":["ON_QA","ON_QA","ON_QA","ON_QA","ON_QA","0","ON_QA","0","ON_QA"],"new_value":["ASSIGNED","CLOSED","MODIFIED","NEW","ON_DEV","ON_QA","POST","RELEASE_PENDING","VERIFIED"],"issue":[45,709,77,4,1,0,9,0,321],"f":[0.0385934819897084,0.608061749571184,0.0660377358490566,0.00343053173241852,0.000857632933104631,0,0.00771869639794168,0,0.275300171526587]},"POST":{"old_value":["POST","POST","POST","POST","POST","POST","0","0","POST"],"new_value":["ASSIGNED","CLOSED","MODIFIED","NEW","ON_DEV","ON_QA","POST","RELEASE_PENDING","VERIFIED"],"issue":[22,109,909,16,12,44,0,0,11],"f":[0.0195903829029386,0.0970614425645592,0.809439002671416,0.0142475512021371,0.0106856634016028,0.0391807658058771,0,0,0.00979519145146928]},"RELEASE_PENDING":{"old_value":["0","0","RELEASE_PENDING","0","0","0","0","0","0"],"new_value":["ASSIGNED","CLOSED","MODIFIED","NEW","ON_DEV","ON_QA","POST","RELEASE_PENDING","VERIFIED"],"issue":[0,0,1,0,0,0,0,0,0],"f":[0,0,1,0,0,0,0,0,0]},"VERIFIED":{"old_value":["VERIFIED","VERIFIED","VERIFIED","VERIFIED","0","VERIFIED","VERIFIED","0","0"],"new_value":["ASSIGNED","CLOSED","MODIFIED","NEW","ON_DEV","ON_QA","POST","RELEASE_PENDING","VERIFIED"],"issue":[4,359,1,1,0,6,1,0,0],"f":[0.010752688172043,0.96505376344086,0.00268817204301075,0.00268817204301075,0,0.0161290322580645,0.00268817204301075,0,0]}}