{"ASSIGNED":{"old_value":["0","ASSIGNED","ASSIGNED","ASSIGNED","ASSIGNED","ASSIGNED","ASSIGNED","0","ASSIGNED"],"new_value":["ASSIGNED","CLOSED","MODIFIED","NEW","ON_DEV","ON_QA","POST","RELEASE_PENDING","VERIFIED"],"issue":[0,205,328,76,20,53,540,0,5],"f":[0,0.167074164629177,0.267318663406683,0.0619396903015485,0.0162999185004075,0.0431947840260799,0.440097799511002,0,0.00407497962510187]},"CLOSED":{"old_value":["CLOSED","0","CLOSED","CLOSED","0","CLOSED","CLOSED","0","0"],"new_value":["ASSIGNED","CLOSED","MODIFIED","NEW","ON_DEV","ON_QA","POST","RELEASE_PENDING","VERIFIED"],"issue":[115,0,5,42,0,9,2,0,0],"f":[0.664739884393064,0,0.0289017341040462,0.242774566473988,0,0.0520231213872832,0.0115606936416185,0,0]},"MODIFIED":{"old_value":["MODIFIED","MODIFIED","0","MODIFIED","MODIFIED","MODIFIED","MODIFIED","0","MODIFIED"],"new_value":["ASSIGNED","CLOSED","MODIFIED","NEW","ON_DEV","ON_QA","POST","RELEASE_PENDING","VERIFIED"],"issue":[26,375,0,5,1,1443,270,0,39],"f":[0.0120426123205188,0.173691523853636,0,0.00231588698471515,0.000463177396943029,0.668364983788791,0.125057897174618,0,0.0180639184807781]},"NEW":{"old_value":["NEW","NEW","NEW","0","NEW","NEW","NEW","NEW","NEW"],"new_value":["ASSIGNED","CLOSED","MODIFIED","NEW","ON_DEV","ON_QA","POST","RELEASE_PENDING","VERIFIED"],"issue":[975,1469,321,0,9,82,1084,1,5],"f":[0.247085656360872,0.37227572225038,0.0813482007095793,0,0.00228079067410035,0.0207805372529143,0.274708565636087,0.000253421186011151,0.00126710593005575]},"ON_DEV":{"old_value":["ON_DEV","ON_DEV","ON_DEV","0","0","ON_DEV","ON_DEV","0","0"],"new_value":["ASSIGNED","CLOSED","MODIFIED","NEW","ON_DEV","ON_QA","POST","RELEASE_PENDING","VERIFIED"],"issue":[3,2,18,0,0,11,9,0,0],"f":[0.0697674418604651,0.0465116279069767,0.418604651162791,0,0,0.255813953488372,0.209302325581395,0,0]},"ON_QA":{"old_value":["ON_QA","ON_QA","ON_QA","ON_QA","ON_QA","0","ON_QA","0","ON_QA"],"new_value":["ASSIGNED","CLOSED","MODIFIED","NEW","ON_DEV","ON_QA","POST","RELEASE_PENDING","VERIFIED"],"issue":[72,756,82,6,1,0,15,0,542],"f":[0.0488466757123474,0.512890094979647,0.0556309362279511,0.00407055630936228,0.00067842605156038,0,0.0101763907734057,0,0.367706919945726]},"POST":{"old_value":["POST","POST","POST","POST","POST","POST","0","0","POST"],"new_value":["ASSIGNED","CLOSED","MODIFIED","NEW","ON_DEV","ON_QA","POST","RELEASE_PENDING","VERIFIED"],"issue":[36,158,1442,24,12,64,0,0,11],"f":[0.0206067544361763,0.090440755580996,0.825414997137951,0.0137378362907842,0.0068689181453921,0.0366342301087579,0,0,0.00629650829994276]},"RELEASE_PENDING":{"old_value":["0","0","RELEASE_PENDING","0","0","0","0","0","0"],"new_value":["ASSIGNED","CLOSED","MODIFIED","NEW","ON_DEV","ON_QA","POST","RELEASE_PENDING","VERIFIED"],"issue":[0,0,1,0,0,0,0,0,0],"f":[0,0,1,0,0,0,0,0,0]},"VERIFIED":{"old_value":["VERIFIED","VERIFIED","VERIFIED","VERIFIED","0","VERIFIED","VERIFIED","0","0"],"new_value":["ASSIGNED","CLOSED","MODIFIED","NEW","ON_DEV","ON_QA","POST","RELEASE_PENDING","VERIFIED"],"issue":[5,375,1,1,0,10,1,0,0],"f":[0.0127226463104326,0.954198473282443,0.00254452926208651,0.00254452926208651,0,0.0254452926208651,0.00254452926208651,0,0]}}