{"data":{"years":[2008,2009,2010,2011,2012,2013,2014],"X0.99":[190072.77,1963972.5,1846240.14,1093325.97,884294.34,459053.999999999,62680.5599999999],"X0.95":[182419.85,1647585.5,1811565.7,899330.3,606488.35,387751.4,55115],"X0.5":[96324.5,1233724,1330472,524010,281864,87563,7206],"X0.25":[48493.75,402466.5,1125376.5,375448.75,106243,23660,766]},"labels":[0.99,0.95,0.5,0.25]}