{"ASSIGNED":{"old_value":["0","ASSIGNED","ASSIGNED","ASSIGNED","ASSIGNED","ASSIGNED","ASSIGNED","0","ASSIGNED"],"new_value":["ASSIGNED","CLOSED","MODIFIED","NEW","ON_DEV","ON_QA","POST","RELEASE_PENDING","VERIFIED"],"issue":[0,174,293,69,20,36,420,0,5],"f":[0,0.171091445427729,0.288102261553589,0.0678466076696165,0.0196656833824975,0.0353982300884956,0.412979351032448,0,0.00491642084562439]},"CLOSED":{"old_value":["CLOSED","0","CLOSED","CLOSED","0","CLOSED","0","0","0"],"new_value":["ASSIGNED","CLOSED","MODIFIED","NEW","ON_DEV","ON_QA","POST","RELEASE_PENDING","VERIFIED"],"issue":[102,0,2,21,0,7,0,0,0],"f":[0.772727272727273,0,0.0151515151515152,0.159090909090909,0,0.053030303030303,0,0,0]},"MODIFIED":{"old_value":["MODIFIED","MODIFIED","0","MODIFIED","MODIFIED","MODIFIED","MODIFIED","0","MODIFIED"],"new_value":["ASSIGNED","CLOSED","MODIFIED","NEW","ON_DEV","ON_QA","POST","RELEASE_PENDING","VERIFIED"],"issue":[18,229,0,3,1,1021,193,0,36],"f":[0.0119920053297801,0.152564956695536,0,0.00199866755496336,0.000666222518321119,0.680213191205863,0.128580946035976,0,0.0239840106595603]},"NEW":{"old_value":["NEW","NEW","NEW","0","NEW","NEW","NEW","NEW","NEW"],"new_value":["ASSIGNED","CLOSED","MODIFIED","NEW","ON_DEV","ON_QA","POST","RELEASE_PENDING","VERIFIED"],"issue":[848,1156,227,0,9,56,725,1,5],"f":[0.2801453584407,0.381896266930955,0.0749917409976875,0,0.00297324083250743,0.0185001651800463,0.239511067063099,0.000330360092500826,0.00165180046250413]},"ON_DEV":{"old_value":["ON_DEV","ON_DEV","ON_DEV","0","0","ON_DEV","ON_DEV","0","0"],"new_value":["ASSIGNED","CLOSED","MODIFIED","NEW","ON_DEV","ON_QA","POST","RELEASE_PENDING","VERIFIED"],"issue":[3,2,18,0,0,11,9,0,0],"f":[0.0697674418604651,0.0465116279069767,0.418604651162791,0,0,0.255813953488372,0.209302325581395,0,0]},"ON_QA":{"old_value":["ON_QA","ON_QA","ON_QA","ON_QA","ON_QA","0","ON_QA","0","ON_QA"],"new_value":["ASSIGNED","CLOSED","MODIFIED","NEW","ON_DEV","ON_QA","POST","RELEASE_PENDING","VERIFIED"],"issue":[46,709,77,4,1,0,9,0,323],"f":[0.039349871685201,0.60650128314799,0.0658682634730539,0.00342172797262618,0.000855431993156544,0,0.0076988879384089,0,0.276304533789564]},"POST":{"old_value":["POST","POST","POST","POST","POST","POST","0","0","POST"],"new_value":["ASSIGNED","CLOSED","MODIFIED","NEW","ON_DEV","ON_QA","POST","RELEASE_PENDING","VERIFIED"],"issue":[22,113,936,16,12,46,0,0,11],"f":[0.0190311418685121,0.0977508650519031,0.809688581314879,0.013840830449827,0.0103806228373702,0.0397923875432526,0,0,0.00951557093425606]},"RELEASE_PENDING":{"old_value":["0","0","RELEASE_PENDING","0","0","0","0","0","0"],"new_value":["ASSIGNED","CLOSED","MODIFIED","NEW","ON_DEV","ON_QA","POST","RELEASE_PENDING","VERIFIED"],"issue":[0,0,1,0,0,0,0,0,0],"f":[0,0,1,0,0,0,0,0,0]},"VERIFIED":{"old_value":["VERIFIED","VERIFIED","VERIFIED","VERIFIED","0","VERIFIED","VERIFIED","0","0"],"new_value":["ASSIGNED","CLOSED","MODIFIED","NEW","ON_DEV","ON_QA","POST","RELEASE_PENDING","VERIFIED"],"issue":[4,360,1,1,0,7,1,0,0],"f":[0.0106951871657754,0.962566844919786,0.00267379679144385,0.00267379679144385,0,0.018716577540107,0.00267379679144385,0,0]}}