{"ASSIGNED":{"old_value":["0","ASSIGNED","ASSIGNED","ASSIGNED","ASSIGNED","ASSIGNED","ASSIGNED","0","ASSIGNED"],"new_value":["ASSIGNED","CLOSED","MODIFIED","NEW","ON_DEV","ON_QA","POST","RELEASE_PENDING","VERIFIED"],"issue":[0,215,332,80,20,56,579,0,6],"f":[0,0.166925465838509,0.257763975155279,0.062111801242236,0.015527950310559,0.0434782608695652,0.449534161490683,0,0.0046583850931677]},"CLOSED":{"old_value":["CLOSED","0","CLOSED","CLOSED","0","CLOSED","CLOSED","0","0"],"new_value":["ASSIGNED","CLOSED","MODIFIED","NEW","ON_DEV","ON_QA","POST","RELEASE_PENDING","VERIFIED"],"issue":[120,0,5,43,0,9,2,0,0],"f":[0.670391061452514,0,0.0279329608938547,0.240223463687151,0,0.0502793296089385,0.0111731843575419,0,0]},"MODIFIED":{"old_value":["MODIFIED","MODIFIED","0","MODIFIED","MODIFIED","MODIFIED","MODIFIED","0","MODIFIED"],"new_value":["ASSIGNED","CLOSED","MODIFIED","NEW","ON_DEV","ON_QA","POST","RELEASE_PENDING","VERIFIED"],"issue":[27,375,0,5,1,1617,291,0,43],"f":[0.0114455277660025,0.158965663416702,0,0.00211954217888936,0.000423908435777872,0.685459940652819,0.123357354811361,0,0.0182280627384485]},"NEW":{"old_value":["NEW","NEW","NEW","0","NEW","NEW","NEW","NEW","NEW"],"new_value":["ASSIGNED","CLOSED","MODIFIED","NEW","ON_DEV","ON_QA","POST","RELEASE_PENDING","VERIFIED"],"issue":[1015,1549,341,0,9,89,1218,1,6],"f":[0.240066225165563,0.366367076631977,0.0806527909176916,0,0.0021286660359508,0.0210501419110691,0.288079470198675,0.000236518448438978,0.00141911069063387]},"ON_DEV":{"old_value":["ON_DEV","ON_DEV","ON_DEV","0","0","ON_DEV","ON_DEV","0","0"],"new_value":["ASSIGNED","CLOSED","MODIFIED","NEW","ON_DEV","ON_QA","POST","RELEASE_PENDING","VERIFIED"],"issue":[3,2,18,0,0,11,9,0,0],"f":[0.0697674418604651,0.0465116279069767,0.418604651162791,0,0,0.255813953488372,0.209302325581395,0,0]},"ON_QA":{"old_value":["ON_QA","ON_QA","ON_QA","ON_QA","ON_QA","0","ON_QA","0","ON_QA"],"new_value":["ASSIGNED","CLOSED","MODIFIED","NEW","ON_DEV","ON_QA","POST","RELEASE_PENDING","VERIFIED"],"issue":[79,762,91,9,1,0,17,0,742],"f":[0.0464432686654909,0.447971781305115,0.0534979423868313,0.00529100529100529,0.000587889476778366,0,0.00999412110523222,0,0.436213991769547]},"POST":{"old_value":["POST","POST","POST","POST","POST","POST","0","0","POST"],"new_value":["ASSIGNED","CLOSED","MODIFIED","NEW","ON_DEV","ON_QA","POST","RELEASE_PENDING","VERIFIED"],"issue":[39,160,1653,26,12,67,0,0,11],"f":[0.0198170731707317,0.0813008130081301,0.839939024390244,0.0132113821138211,0.00609756097560976,0.0340447154471545,0,0,0.00558943089430894]},"RELEASE_PENDING":{"old_value":["0","0","RELEASE_PENDING","0","0","0","0","0","0"],"new_value":["ASSIGNED","CLOSED","MODIFIED","NEW","ON_DEV","ON_QA","POST","RELEASE_PENDING","VERIFIED"],"issue":[0,0,1,0,0,0,0,0,0],"f":[0,0,1,0,0,0,0,0,0]},"VERIFIED":{"old_value":["VERIFIED","VERIFIED","VERIFIED","VERIFIED","0","VERIFIED","VERIFIED","0","0"],"new_value":["ASSIGNED","CLOSED","MODIFIED","NEW","ON_DEV","ON_QA","POST","RELEASE_PENDING","VERIFIED"],"issue":[5,375,2,2,0,14,1,0,0],"f":[0.012531328320802,0.93984962406015,0.0050125313283208,0.0050125313283208,0,0.0350877192982456,0.0025062656641604,0,0]}}