{"ASSIGNED":{"old_value":["0","ASSIGNED","ASSIGNED","ASSIGNED","ASSIGNED","ASSIGNED","ASSIGNED","0","ASSIGNED"],"new_value":["ASSIGNED","CLOSED","MODIFIED","NEW","ON_DEV","ON_QA","POST","RELEASE_PENDING","VERIFIED"],"issue":[0,162,284,65,20,28,370,0,4],"f":[0,0.173633440514469,0.304394426580922,0.0696677384780279,0.0214362272240086,0.030010718113612,0.396570203644159,0,0.00428724544480171]},"CLOSED":{"old_value":["CLOSED","0","CLOSED","CLOSED","0","CLOSED","0","0","0"],"new_value":["ASSIGNED","CLOSED","MODIFIED","NEW","ON_DEV","ON_QA","POST","RELEASE_PENDING","VERIFIED"],"issue":[97,0,2,19,0,4,0,0,0],"f":[0.795081967213115,0,0.0163934426229508,0.155737704918033,0,0.0327868852459016,0,0,0]},"MODIFIED":{"old_value":["MODIFIED","MODIFIED","0","MODIFIED","MODIFIED","MODIFIED","MODIFIED","0","MODIFIED"],"new_value":["ASSIGNED","CLOSED","MODIFIED","NEW","ON_DEV","ON_QA","POST","RELEASE_PENDING","VERIFIED"],"issue":[14,198,0,2,1,950,150,0,34],"f":[0.0103780578206079,0.146775389177168,0,0.00148257968865827,0.000741289844329133,0.704225352112676,0.11119347664937,0,0.0252038547071905]},"NEW":{"old_value":["NEW","NEW","NEW","0","NEW","NEW","NEW","NEW","NEW"],"new_value":["ASSIGNED","CLOSED","MODIFIED","NEW","ON_DEV","ON_QA","POST","RELEASE_PENDING","VERIFIED"],"issue":[792,1075,208,0,9,52,626,1,4],"f":[0.286230574629563,0.388507408745934,0.0751716660643296,0,0.00325262016624503,0.0187929165160824,0.226237802674377,0.000361402240693892,0.00144560896277557]},"ON_DEV":{"old_value":["ON_DEV","ON_DEV","ON_DEV","0","0","ON_DEV","ON_DEV","0","0"],"new_value":["ASSIGNED","CLOSED","MODIFIED","NEW","ON_DEV","ON_QA","POST","RELEASE_PENDING","VERIFIED"],"issue":[3,2,18,0,0,11,9,0,0],"f":[0.0697674418604651,0.0465116279069767,0.418604651162791,0,0,0.255813953488372,0.209302325581395,0,0]},"ON_QA":{"old_value":["ON_QA","ON_QA","ON_QA","ON_QA","ON_QA","0","ON_QA","0","ON_QA"],"new_value":["ASSIGNED","CLOSED","MODIFIED","NEW","ON_DEV","ON_QA","POST","RELEASE_PENDING","VERIFIED"],"issue":[35,655,40,2,1,0,7,0,232],"f":[0.0360082304526749,0.673868312757202,0.0411522633744856,0.00205761316872428,0.00102880658436214,0,0.00720164609053498,0,0.238683127572016]},"POST":{"old_value":["POST","POST","POST","POST","POST","POST","0","0","POST"],"new_value":["ASSIGNED","CLOSED","MODIFIED","NEW","ON_DEV","ON_QA","POST","RELEASE_PENDING","VERIFIED"],"issue":[17,104,790,12,12,42,0,0,11],"f":[0.0172064777327935,0.105263157894737,0.799595141700405,0.0121457489878543,0.0121457489878543,0.0425101214574899,0,0,0.0111336032388664]},"RELEASE_PENDING":{"old_value":["0","0","RELEASE_PENDING","0","0","0","0","0","0"],"new_value":["ASSIGNED","CLOSED","MODIFIED","NEW","ON_DEV","ON_QA","POST","RELEASE_PENDING","VERIFIED"],"issue":[0,0,1,0,0,0,0,0,0],"f":[0,0,1,0,0,0,0,0,0]},"VERIFIED":{"old_value":["VERIFIED","VERIFIED","VERIFIED","VERIFIED","0","VERIFIED","VERIFIED","0","0"],"new_value":["ASSIGNED","CLOSED","MODIFIED","NEW","ON_DEV","ON_QA","POST","RELEASE_PENDING","VERIFIED"],"issue":[3,93,1,1,0,3,1,0,0],"f":[0.0294117647058824,0.911764705882353,0.00980392156862745,0.00980392156862745,0,0.0294117647058824,0.00980392156862745,0,0]}}