{"ASSIGNED":{"old_value":["0","ASSIGNED","ASSIGNED","ASSIGNED","ASSIGNED","ASSIGNED","ASSIGNED","0","ASSIGNED"],"new_value":["ASSIGNED","CLOSED","MODIFIED","NEW","ON_DEV","ON_QA","POST","RELEASE_PENDING","VERIFIED"],"issue":[0,146,277,60,20,22,288,0,4],"f":[0,0.178702570379437,0.339045287637699,0.0734394124847001,0.0244798041615667,0.0269277845777234,0.352509179926561,0,0.00489596083231334]},"CLOSED":{"old_value":["CLOSED","0","CLOSED","CLOSED","0","CLOSED","0","0","0"],"new_value":["ASSIGNED","CLOSED","MODIFIED","NEW","ON_DEV","ON_QA","POST","RELEASE_PENDING","VERIFIED"],"issue":[93,0,2,10,0,2,0,0,0],"f":[0.869158878504673,0,0.0186915887850467,0.0934579439252336,0,0.0186915887850467,0,0,0]},"MODIFIED":{"old_value":["MODIFIED","MODIFIED","0","MODIFIED","MODIFIED","MODIFIED","MODIFIED","0","MODIFIED"],"new_value":["ASSIGNED","CLOSED","MODIFIED","NEW","ON_DEV","ON_QA","POST","RELEASE_PENDING","VERIFIED"],"issue":[13,198,0,2,1,745,71,0,33],"f":[0.0122295390404516,0.186265286923801,0,0.00188146754468485,0.000940733772342427,0.700846660395108,0.0667920978363123,0,0.0310442144873001]},"NEW":{"old_value":["NEW","NEW","NEW","0","NEW","NEW","NEW","NEW","NEW"],"new_value":["ASSIGNED","CLOSED","MODIFIED","NEW","ON_DEV","ON_QA","POST","RELEASE_PENDING","VERIFIED"],"issue":[694,965,187,0,9,37,472,1,4],"f":[0.292950612072604,0.407344871253694,0.0789362600253271,0,0.00379907133811735,0.015618404390038,0.199240185732377,0.000422119037568594,0.00168847615027438]},"ON_DEV":{"old_value":["ON_DEV","ON_DEV","ON_DEV","0","0","ON_DEV","ON_DEV","0","0"],"new_value":["ASSIGNED","CLOSED","MODIFIED","NEW","ON_DEV","ON_QA","POST","RELEASE_PENDING","VERIFIED"],"issue":[3,2,18,0,0,11,9,0,0],"f":[0.0697674418604651,0.0465116279069767,0.418604651162791,0,0,0.255813953488372,0.209302325581395,0,0]},"ON_QA":{"old_value":["ON_QA","ON_QA","ON_QA","0","ON_QA","0","ON_QA","0","ON_QA"],"new_value":["ASSIGNED","CLOSED","MODIFIED","NEW","ON_DEV","ON_QA","POST","RELEASE_PENDING","VERIFIED"],"issue":[12,636,32,0,1,0,4,0,60],"f":[0.0161073825503356,0.853691275167785,0.0429530201342282,0,0.00134228187919463,0,0.00536912751677852,0,0.0805369127516778]},"POST":{"old_value":["POST","POST","POST","POST","POST","POST","0","0","POST"],"new_value":["ASSIGNED","CLOSED","MODIFIED","NEW","ON_DEV","ON_QA","POST","RELEASE_PENDING","VERIFIED"],"issue":[13,100,559,8,12,39,0,0,11],"f":[0.0175202156334232,0.134770889487871,0.753369272237197,0.0107816711590297,0.0161725067385445,0.0525606469002695,0,0,0.0148247978436658]},"RELEASE_PENDING":{"old_value":["0","0","RELEASE_PENDING","0","0","0","0","0","0"],"new_value":["ASSIGNED","CLOSED","MODIFIED","NEW","ON_DEV","ON_QA","POST","RELEASE_PENDING","VERIFIED"],"issue":[0,0,1,0,0,0,0,0,0],"f":[0,0,1,0,0,0,0,0,0]},"VERIFIED":{"old_value":["0","VERIFIED","VERIFIED","VERIFIED","0","VERIFIED","VERIFIED","0","0"],"new_value":["ASSIGNED","CLOSED","MODIFIED","NEW","ON_DEV","ON_QA","POST","RELEASE_PENDING","VERIFIED"],"issue":[0,93,1,1,0,1,1,0,0],"f":[0,0.958762886597938,0.0103092783505155,0.0103092783505155,0,0.0103092783505155,0.0103092783505155,0,0]}}