{"ASSIGNED":{"old_value":["0","ASSIGNED","ASSIGNED","ASSIGNED","ASSIGNED","ASSIGNED","ASSIGNED","0","ASSIGNED"],"new_value":["ASSIGNED","CLOSED","MODIFIED","NEW","ON_DEV","ON_QA","POST","RELEASE_PENDING","VERIFIED"],"issue":[0,222,335,82,20,64,616,0,7],"f":[0,0.164933135215453,0.24888558692422,0.0609212481426449,0.0148588410104012,0.0475482912332838,0.457652303120357,0,0.00520059435364042]},"CLOSED":{"old_value":["CLOSED","0","CLOSED","CLOSED","0","CLOSED","CLOSED","0","0"],"new_value":["ASSIGNED","CLOSED","MODIFIED","NEW","ON_DEV","ON_QA","POST","RELEASE_PENDING","VERIFIED"],"issue":[123,0,6,48,0,9,2,0,0],"f":[0.654255319148936,0,0.0319148936170213,0.25531914893617,0,0.0478723404255319,0.0106382978723404,0,0]},"MODIFIED":{"old_value":["MODIFIED","MODIFIED","0","MODIFIED","MODIFIED","MODIFIED","MODIFIED","0","MODIFIED"],"new_value":["ASSIGNED","CLOSED","MODIFIED","NEW","ON_DEV","ON_QA","POST","RELEASE_PENDING","VERIFIED"],"issue":[28,512,0,6,1,1704,307,0,45],"f":[0.0107568190549366,0.196696119861698,0,0.00230503265462927,0.000384172109104879,0.654629273914714,0.117940837495198,0,0.0172877449097196]},"NEW":{"old_value":["NEW","NEW","NEW","0","NEW","NEW","NEW","NEW","NEW"],"new_value":["ASSIGNED","CLOSED","MODIFIED","NEW","ON_DEV","ON_QA","POST","RELEASE_PENDING","VERIFIED"],"issue":[1045,1599,356,0,9,98,1298,1,6],"f":[0.236854034451496,0.362420670897552,0.0806890299184043,0,0.00203989120580236,0.0222121486854034,0.294197642792384,0.000226654578422484,0.0013599274705349]},"ON_DEV":{"old_value":["ON_DEV","ON_DEV","ON_DEV","0","0","ON_DEV","ON_DEV","0","0"],"new_value":["ASSIGNED","CLOSED","MODIFIED","NEW","ON_DEV","ON_QA","POST","RELEASE_PENDING","VERIFIED"],"issue":[3,2,18,0,0,11,9,0,0],"f":[0.0697674418604651,0.0465116279069767,0.418604651162791,0,0,0.255813953488372,0.209302325581395,0,0]},"ON_QA":{"old_value":["ON_QA","ON_QA","ON_QA","ON_QA","ON_QA","0","ON_QA","0","ON_QA"],"new_value":["ASSIGNED","CLOSED","MODIFIED","NEW","ON_DEV","ON_QA","POST","RELEASE_PENDING","VERIFIED"],"issue":[86,917,95,10,1,0,18,0,834],"f":[0.0438551759306476,0.467618561958185,0.0484446710861805,0.00509943906170321,0.000509943906170321,0,0.00917899031106578,0,0.425293217746048]},"POST":{"old_value":["POST","POST","POST","POST","POST","POST","0","0","POST"],"new_value":["ASSIGNED","CLOSED","MODIFIED","NEW","ON_DEV","ON_QA","POST","RELEASE_PENDING","VERIFIED"],"issue":[43,167,1765,29,12,70,0,0,12],"f":[0.0204957102001907,0.0795996186844614,0.841277407054338,0.0138226882745472,0.00571973307912297,0.0333651096282174,0,0,0.00571973307912297]},"RELEASE_PENDING":{"old_value":["0","0","RELEASE_PENDING","0","0","0","0","0","0"],"new_value":["ASSIGNED","CLOSED","MODIFIED","NEW","ON_DEV","ON_QA","POST","RELEASE_PENDING","VERIFIED"],"issue":[0,0,1,0,0,0,0,0,0],"f":[0,0,1,0,0,0,0,0,0]},"VERIFIED":{"old_value":["VERIFIED","VERIFIED","VERIFIED","VERIFIED","0","VERIFIED","VERIFIED","0","0"],"new_value":["ASSIGNED","CLOSED","MODIFIED","NEW","ON_DEV","ON_QA","POST","RELEASE_PENDING","VERIFIED"],"issue":[9,868,2,2,0,16,1,0,0],"f":[0.010022271714922,0.966592427616927,0.0022271714922049,0.0022271714922049,0,0.0178173719376392,0.00111358574610245,0,0]}}