{"data":{"years":[2011,2012,2013,2014],"X0.99":[31627,60283.64,41255,32731.3599999998],"X0.95":[11309.6,33192,10429.8,7440.19999999997],"X0.5":[155.5,324,124,90],"X0.25":[28.5,36,16,13]},"labels":[0.99,0.95,0.5,0.25]}