{"data":{"years":[2011,2012,2013,2014],"X0.99":[31627,60220,41255,33193.1199999998],"X0.95":[11309.6,33192,10429.8,6352.19999999995],"X0.5":[155.5,321.5,124,105],"X0.25":[28.5,36,16,19]},"labels":[0.99,0.95,0.5,0.25]}