{"data":{"years":[2011,2012,2013],"X0.99":[52361.1199999998,46466.84,50276.5],"X0.95":[16107.7999999999,20047.3999999999,6175.9],"X0.5":[182,88,10],"X0.25":[18,9,1]},"labels":[0.99,0.95,0.5,0.25]}