{"data":{"years":[2011,2012,2013,2014],"X0.99":[52361.1199999998,54669.77,50755.16,5571.07999999999],"X0.95":[16107.7999999999,20610.5,5529.49999999997,1692.9],"X0.5":[182,89,10,9],"X0.25":[18,9,1,1]},"labels":[0.99,0.95,0.5,0.25]}