{"data":{"years":[2011,2012,2013,2014],"X0.99":[31265.05,60916.5400000014,38762.75,12278.44],"X0.95":[9491.5,33192.35,10193.25,3800.49999999997],"X0.5":[155.5,346,119.5,92],"X0.25":[27.5,37,16,16]},"labels":[0.99,0.95,0.5,0.25]}