{"data":{"years":[2011,2012,2013,2014],"X0.99":[52361.1199999998,48907.5199999999,41584,2003.2],"X0.95":[16107.7999999999,20447,5368,1293.5],"X0.5":[182,89,10,15],"X0.25":[18,9,1,3]},"labels":[0.99,0.95,0.5,0.25]}