{"data":{"years":[2011,2012,2013,2014],"X0.99":[31627,60283.64,41255,32538.9599999999],"X0.95":[11309.6,33192,10429.8,7873.29999999995],"X0.5":[155.5,324,124,87],"X0.25":[28.5,36,16,14]},"labels":[0.99,0.95,0.5,0.25]}