{"data":{"years":[2011,2012,2013,2014],"X0.99":[52361.1199999998,49871.4199999989,41584,3287.96],"X0.95":[16107.7999999999,20489.35,5368,1322.6],"X0.5":[182,89,10,14],"X0.25":[18,9,1,2]},"labels":[0.99,0.95,0.5,0.25]}