{"data":{"years":[2011,2012,2013,2014],"X0.99":[52361.1199999998,54669.77,50226.88,4543.19999999994],"X0.95":[16107.7999999999,20610.5,5468.75,1346.8],"X0.5":[182,89,10,13],"X0.25":[18,9,1,2]},"labels":[0.99,0.95,0.5,0.25]}