{"data":{"years":[2011,2012,2013,2014],"X0.99":[52361.1199999998,48489.8299999995,41584,346.48],"X0.95":[16107.7999999999,20376.55,5367.1,123.6],"X0.5":[182,88.5,10,14],"X0.25":[18,9,1,2]},"labels":[0.99,0.95,0.5,0.25]}