{"data":{"years":[2011,2012,2013,2014],"X0.99":[31265.05,60916.5400000014,40029.51,10253.21],"X0.95":[9491.5,33192.35,10345.3,3530.79999999999],"X0.5":[155.5,346,120,104],"X0.25":[27.5,37,16,19]},"labels":[0.99,0.95,0.5,0.25]}