{"data":{"years":[2011,2012,2013,2014],"X0.99":[52361.1199999998,54669.77,44174.0000000002,3260.32],"X0.95":[16107.7999999999,20610.5,5369.75,1207.4],"X0.5":[182,89,10,14],"X0.25":[18,9,1,2]},"labels":[0.99,0.95,0.5,0.25]}