{"data":{"years":[2011,2012,2013,2014],"X0.99":[31265.05,60916.5400000014,39169.1599999998,10762.15],"X0.95":[9491.5,33192.35,10233.8,3400.75],"X0.5":[155.5,346,120,105],"X0.25":[27.5,37,16,19]},"labels":[0.99,0.95,0.5,0.25]}