{"abandoned": 941, "merged": 9786, "review_time_days_avg": 10.598401138245006, "review_time_days_median": 2.9726999999999997, "submitted": 11333}