{"abandoned": 1134, "merged": 10642, "review_time_days_avg": 10.51499920454543, "review_time_days_median": 2.9827000000000004, "submitted": 12354}