{"abandoned": 1066, "merged": 10622, "review_time_days_avg": 10.517947855787455, "review_time_days_median": 2.9827000000000004, "submitted": 12336}