{"abandoned": 958, "merged": 9899, "review_time_days_avg": 10.601614478527582, "review_time_days_median": 2.98215, "submitted": 11482}