{"abandoned": 1055, "merged": 10494, "review_time_days_avg": 10.511767051134163, "review_time_days_median": 2.9726999999999997, "submitted": 12203}