{"abandoned": 933, "merged": 9738, "review_time_days_avg": 10.55212421972532, "review_time_days_median": 2.9726999999999997, "submitted": 11275}