{"abandoned": 903, "merged": 9547, "review_time_days_avg": 10.630723073648333, "review_time_days_median": 3.0075000000000003, "submitted": 11016}