{"abandoned": 1054, "merged": 10475, "review_time_days_avg": 10.481460997688735, "review_time_days_median": 2.9726999999999997, "submitted": 12178}