{"abandoned": 961, "merged": 9914, "review_time_days_avg": 10.599616244380847, "review_time_days_median": 2.98215, "submitted": 11502}