{"abandoned": 1005, "merged": 10309, "review_time_days_avg": 10.46261929241593, "review_time_days_median": 2.98345, "submitted": 11998}