{"abandoned": 1193, "merged": 10830, "review_time_days_avg": 10.55528645833331, "review_time_days_median": 2.9827000000000004, "submitted": 12596}