{"abandoned": 987, "merged": 10060, "review_time_days_avg": 10.511837489959815, "review_time_days_median": 2.9760999999999997, "submitted": 11695}