{"abandoned": 1053, "merged": 10463, "review_time_days_avg": 10.485084084778403, "review_time_days_median": 2.97325, "submitted": 12161}