{"abandoned": 1059, "merged": 10580, "review_time_days_avg": 10.537824018299634, "review_time_days_median": 2.98345, "submitted": 12287}