{"abandoned": 912, "merged": 9606, "review_time_days_avg": 10.620168773784329, "review_time_days_median": 2.98345, "submitted": 11108}