{"abandoned": 1040, "merged": 10410, "review_time_days_avg": 10.446328989155676, "review_time_days_median": 2.9827000000000004, "submitted": 12084}