{"abandoned": 939, "merged": 9780, "review_time_days_avg": 10.601755138831304, "review_time_days_median": 2.9726999999999997, "submitted": 11332}