{"abandoned": 959, "merged": 9909, "review_time_days_avg": 10.599616244380847, "review_time_days_median": 2.98215, "submitted": 11495}