{"abandoned": 993, "merged": 10127, "review_time_days_avg": 10.497438806863505, "review_time_days_median": 2.9760999999999997, "submitted": 11766}