{"abandoned": 999, "merged": 10186, "review_time_days_avg": 10.469982361111086, "review_time_days_median": 2.97325, "submitted": 11866}