{"abandoned": 950, "merged": 9850, "review_time_days_avg": 10.59387183388155, "review_time_days_median": 2.9760999999999997, "submitted": 11435}